Аалборг,Aalborg
Ааппилатток,Aappilattoq
Аархус,Aarhus
Аасиаат,Aasiaat
Абадан,Abadan
Абакан,Abakan
Абботсфорд,Abbotsford
Абече,Abeche
Абердеен,Aberdeen
Абха,Abha
Абидджан,Abidjan
Абилене,Abilene
Абрахам Бай Сеттлемент,Abraham Bay Settlement
Абу Дхаби,Abu Dhabi
Абу Муса,Abu Musa
Абу Симбел,Abu Simbel
Абуджа,Abuja
Акапулко,Acapulco
Аккра,Accra
Ад Даммам,Ad Dammam
Адак,Adak
Адам,Adam
Адампур,Adampur
Аддис Абаба,Addis Ababa
Аделаиде,Adelaide
Аден,Aden
Адмиралтй Исланд,Admiralty Island
Адрар,Adrar
Адıяман,Adıyaman
Афобакка,Afobakka
Агадез,Agadez
Агадир,Agadir (Temsia)
Агартала,Agartala
Агатти,Agatti
Агно,Agno
Агра,Agra
Агуадилла,Aguadilla
Агуаскалиентес,Aguascalientes
Агуни,Aguni
Ахе Атолл,Ahe Atoll
Ахл Ангад,Ahl Angad
Ахмедабад,Ahmedabad
Ахваз,Ahvaz
Аилинглапалап Атолл,Ailinglapalap Atoll
Аитутаки,Aitutaki
Аизавл,Aizawl (Lengpui)
Аджаккио/наполéон Бонапарте,Ajaccio/Napoléon Bonaparte
Аджмер,Ajmer (Kishangarh)
Ахиок,Akhiok
Акиачак,Akiachak
Акиак,Akiak
Акита,Akita
Аклавик,Aklavik
Акрон,Akron
Аксу,Aksu (Onsu)
Актау,Aktau
Актобе,Aktobe
Акуливик,Akulivik
Акуннаак,Akunnaaq
Акуре,Akure
Акурейри,Akureyri
Акутан,Akutan
Ал Ааруи,Al Aaroui
Ал Аин,Al Ain
Ал Албрак,Al Albraq
Ал Гхайдах,Al Ghaydah
Ал Джиза,Al Jiza
Ал Ула,Al Ula
Ал Ваджх,Al Wajh
Ал-баха,Al-Baha
Ал-джавф,Al-Jawf
Аладжеро Ла Гомера Исланд,"Alajero, La Gomera Island"
Алаканук,Alakanuk
Аламоса,Alamosa
Алава,Alava
Албанй,Albany
Албион Парк Раил,Albion Park Rail
Алброок,Albrook
Албукуеркуе,Albuquerque
Алкоа,Alcoa
Алекнагик,Aleknagik
Алемсон,Alemson
Алеппо,Aleppo
Алерт Бай,Alert Bay
Александриа,Alexandria
Александруполис,Alexandroupolis
Алгекирас,Algeciras
Алгхеро,Alghero
Алгиерс,Algiers
Аликанте,Alicante
Алике Спрингс,Alice Springs
Алигарх,Aligarh
Аллахабад,Allahabad
Аллакакет,Allakaket
Аллентовн,Allentown
Аллианке,Alliance
Аллуитсуп Паа,Alluitsup Paa
Алматй,Almaty
Алмеирим,Almeirim
Алмерíа,Almería
Алофи,Alofi
Алор Сатар,Alor Satar
Алпена,Alpena
Алфонсе Исланд,Alphonse Island
Алстахауг,Alstahaug
Алта,Alta
Алта Флореста,Alta Floresta
Алтаи,Altai
Алтамира,Altamira
Алтай,Altay
Алтоона,Altoona
Алтстеттен,Altstetten
Алтıнтаş,Altıntaş
Амаги,Amagi
Амакуса,Amakusa
Амами,Amami
Амарилло,Amarillo
Амася,Amasya
Амбанджа,Ambanja
Амбикапур,Ambikapur
Амблер,Ambler
Амбон,Ambon
Амбосели Натионал Парк,Amboseli National Park
Амбролаури,Ambrolauri
Амдерма,Amderma
Амман,Amman
Аммассивик,Ammassivik
Амоок Бай,Amook Bay
Амритсар,Amritsar
Амстердам,Amsterdam
Анаа,Anaa
Анакортес,Anacortes
Анадйр,Anadyr
Анахим Лаке,Anahim Lake
Анактувук Пасс,Anaktuvuk Pass
Анчораге,Anchorage
Андахуайлас,Andahuaylas
Анденес,Andenes
Андижан,Andizhan
Андрос,Andros
Андрос Исланд,Andros Island
Англинг Лаке,Angling Lake
Ангоон,Angoon
Анхолт,Anholt
Аниак,Aniak
Анканг,Ankang (Hanbin)
Анкара,Ankara
Аннаба,Annaba
Анкинг,Anqing
Аншан,Anshan
Аншун,Anshun (Xixiu)
Антакя,Antakya
Анталя,Antalya
Антананариво,Antananarivo
Антисиранана,Antisiranana
Антофагаста,Antofagasta
Антверп,Antwerp
Ануа,Anua
Анвик,Anvik
Анянг,Anyang
Аомори,Aomori
Апапелгино,Apapelgino
Апатаки,Apataki
Апиа,Apia
Апплетон,Appleton
Акаба,Aqaba
Аракаджу,Aracaju
Арад,Arad
Арагуаíна,Araguaína
Арал,Aral
Арар,Arar
Араракуара,Araraquara
Араука,Arauca
Араксá,Araxá
Араçатуба,Araçatuba
Арба Минч,Arba Minch
Арбил,Arbil
Арката/еурека,Arcata/Eureka
Арчангелск,Archangelsk
Арктик Бай,Arctic Bay
Арктик Лнг 2 Проджект - Утреннейе Гас Фиелд,Arctic LNG 2 project - Utrenneye gas field
Арктик Виллаге,Arctic Village
Ардабил,Ardabil
Арекуипа,Arequipa
Аргос Орестико,Argos Orestiko
Арика,Arica
Арлингтон,Arlington
Армениа,Armenia
Армидале,Armidale
Арнавуткöй Истанбул,"Arnavutköy, Istanbul"
Артурс Товн,Arthur's Town
Артём,Artyom
Аруа,Arua
Аруша,Arusha
Арваихеер,Arvaikheer
Арвиат,Arviat
Арвидсджаур,Arvidsjaur
Арксан,Arxan
Ашевилле,Asheville
Ашгабат,Ashgabat
Асмара,Asmara
Асоса,Asosa
Аспен,Aspen
Ассаб,Assab
Астана,Astana
Астрахан,Astrakhan
Астйпалаиа Исланд,Astypalaia Island
Асункиóн,Asunción
Асван,Aswan
Асют,Asyut
Атамбуа,Atambua
Атиу Исланд,Atiu Island
Атка,Atka
Атланта,Atlanta
Атлантик Китй,Atlantic City
Атлин,Atlin
Атмаутлуак,Atmautluak
Аткасук,Atqasuk
Аттавапискат,Attawapiskat
Аттокк,Attock
Атту,Attu
Атйрау,Atyrau
Ауккланд,Auckland
Аугуста,Augusta
Ауки,Auki
Аулнат Пуй-де-дôме,"Aulnat, Puy-de-Dôme"
Аупалук,Aupaluk
Аур Атолл,Aur Atoll
Аурангабад,Aurangabad
Ауриллак,Aurillac
Аурукун,Aurukun
Аустин,Austin
Аваруа,Avarua
Авигнон Вауклусе,"Avignon, Vaucluse"
Авануи,Awanui
Авимбон,Awimbon
Аксум,Axum
Аякучо,Ayacucho
Азезо,Azezo
Азналкóллар,Aznalcóllar
Аéреас До Кбмск,Aéreas do CBMSC
Аğрı,Ağrı
Баа Атолл,Baa Atoll
Бабелтуап Исланд,Babelthuap Island
Баколод Китй,Bacolod City
Бакăу,Bacău
Бададжоз,Badajoz
Баданджилин,Badanjilin
Баду Исланд,Badu Island
Багхдад,Baghdad
Багуио,Baguio
Бахавалпур,Bahawalpur
Бахир Дар,Bahir Dar
Бахíа Бланка,Bahía Blanca
Бахíа Солано,Bahía Solano
Баиченг,Baicheng
Баие-комеау,Baie-Comeau
Баимуру,Baimuru
Баисе,Baise (Tianyang)
Баишан,Baishan
Бакалалан,Bakalalan
Бакер Лаке,Baker Lake
Бакерсфиелд,Bakersfield
Баку,Baku
Балаково,Balakovo
Балемартине,Balemartine
Балике,Balice
Баликпапан,Balikpapan
Балимо,Balimo
Баливанич,Balivanich
Балканабат,Balkanabat
Балхаш,Balkhash
Баллалэ,Ballalae
Баллина,Ballina
Балмакеда,Balmaceda
Балтиморе,Baltimore
Балтрум,Baltrum
Балıкесир,Balıkesir
Бам,Bam
Бамага,Bamaga
Бамако,Bamako
Бамфиелд,Bamfield
Банда Акех,Banda Aceh
Бандар Аббас,Bandar Abbas
Бандар Лампунг,Bandar Lampung
Бандар Ленгех,Bandar Lengeh
Бандар Сери Бегаван,Bandar Seri Begawan
Бандар-е-джаск,Bandar-e-Jask
Бандунду,Bandundu
Бандунг,Bandung
Бангалоре,Bangalore
Бангда,Bangda
Бангкок,Bangkok
Бангор,Bangor
Бангуи,Bangui
Банмав,Banmaw
Баошан,Baoshan (Longyang)
Баошан,Baoshan (Tengchong)
Баоту,Baotou
Бар Харбор,Bar Harbor
Баракоа,Baracoa
Барахона,Barahona
Баркалдине,Barcaldine
Барселона,Barcelona
Баркелос,Barcelos
Бареиллй,Bareilly
Бари,Bari
Баринас,Barinas
Барио,Bario
Барисал,Barisal
Барнаул,Barnaul
Баркуисимето,Barquisimeto
Барранкабермеджа,Barrancabermeja
Барранкуилла,Barranquilla
Барреирас,Barreiras
Барреиринхас,Barreirinhas
Баррие,Barrie
Бартер Исланд,Barter Island
Баско,Basco
Басра,Basra
Бассе-терре,Basse-Terre
Бассетерре,Basseterre
Бастиа/поретта,Bastia/Poretta
Бата,Bata
Батагай,Batagay
Батагай-алйта,Batagay-Alyta
Батам,Batam
Бата,Batha
Батурст,Bathurst
Баткен,Batken
Батман,Batman
Батна,Batna
Батон Руге,Baton Rouge
Баттамбанг,Battambang
Баттикалоа,Batticaloa
Бату Ликин,Batu Licin
Батуми,Batumi
Баучи,Bauchi
Бауру,Bauru
Баваннур,Bavannur
Баямо,Bayamo
Баянхот,Bayanhot
Баянхонгор,Bayankhongor
Бажонг,Bazhong (Enyang)
Беарскин Лаке,Bearskin Lake
Беаумонт/порт Артур,Beaumont/Port Arthur
Беавер,Beaver
Беавер Исланд,Beaver Island
Бедфорд,Bedford
Бедурие,Bedourie
Бедвелл Харбур,Bedwell Harbour
Бееф Исланд,Beef Island
Беихаи,Beihai (Yinhai)
Пекин,Beijing
Беира,Beira
Беирут,Beirut
Беледвейне,Beledweyne
Белфаст,Belfast
Белгаум,Belgaum
Белгород,Belgorod
Белграде,Belgrade
Белизе Китй,Belize City
Белла Белла,Bella Bella
Белла Коола,Bella Coola
Беллевилле,Belleville
Беллингхам,Bellingham
Бело Хоризонте,Belo Horizonte
Белéм,Belém
Бенгкулу,Bengkulu
Бенин,Benin
Бенина,Benina
Бентенг,Benteng
Бентота,Bentota
Бенздорп,Benzdorp
Бекуиа,Bequia
Бербера,Berbera
Беренс Ривер,Berens River
Берген,Bergen
Бергерак/руманиèре,Bergerac/Roumanière
Берингин,Beringin
Берлевåг,Berlevåg
Берлин,Berlin
Берн,Bern
Бесалампй,Besalampy
Беслан,Beslan
Бетел,Bethel
Беттлес,Bettles
Бхадрапур,Bhadrapur
Бхаратпур,Bharatpur
Бхавнагар,Bhavnagar
Бхаванипатна,Bhawanipatna
Бхопал,Bhopal
Бхубанесвар,Bhubaneswar
Бхудж,Bhuj
Бхунтар,Bhuntar
Биак,Biak
Биарритз/англет/баённе,Biarritz/Anglet/Bayonne
Бичевая,Bichevaya
Бидефорд Девон,"Bideford, Devon"
Биг Креек,Big Creek
Биг Трут Лаке,Big Trout Lake
Биджие,Bijie
Бикини Атолл,Bikini Atoll
Биласпур,Bilaspur
Билбао,Bilbao
Биллингс,Billings
Биллунд,Billund
Билоела,Biloela
Билогаи,Bilogai
Бимини,Bimini
Бинбан,Binban
Бингхамтон,Binghamton
Бингöл,Bingöl
Бинсари,Binsari
Бинтулу,Bintulu
Биратнагар,Biratnagar
Бирч Креек,Birch Creek
Биринин Кебби,Birinin Kebbi
Бирджанд,Birjand
Бирмингхам,Birmingham
Бирмингхам Вест Мидландс,"Birmingham, West Midlands"
Биша,Bisha
Бишкек,Bishkek
Бишоп,Bishop
Бискра,Biskra
Бисмаркк,Bismarck
Биссау,Bissau
Бийск,Biysk
Блакк Тиккле,Black Tickle
Блаккалл,Blackall
Благовесченск,Blagoveschensk
Блакелй Исланд,Blakely Island
Бланк-саблон,Blanc-Sablon
Блантйре,Blantyre
Бленхеим,Blenheim
Блокк Исланд,Block Island
Блоемфонтаин,Bloemfontain
Блоодвеин Ривер,Bloodvein River
Блоомингтон/нормал,Bloomington/Normal
Блунтвилле,Blountville
Блуефиледс,Bluefileds
Боа Виста,Boa Vista
Бобо Диулассо,Bobo Dioulasso
Бодайбо,Bodaybo
Бодрум,Bodrum
Бодø,Bodø
Боенде,Boende
Богородскойе,Bogorodskoye
Богота,Bogota
Боигу Исланд,Boigu Island
Боисе,Boise
Боджнорд,Bojnord
Бокондини,Bokondini
Боле,Bole
Бологна,Bologna
Болзано,Bolzano (BZ)
Бонавентуре,Bonaventure
Бонгао,Bongao
Бонито,Bonito
Боннйвилле,Bonnyville
Бонтанг-борнео Исланд,Bontang-Borneo Island
Бонте,Bonthe
Борба,Borba
Бордамбан,Bordamban
Бордеаукс/мéригнак,Bordeaux/Mérignac
Борддж Бадджи Мохтар,Bordj Badji Mokhtar
Боркум,Borkum
Борланге,Borlange
Борйспил,Boryspil
Босасо,Bosaso
Боскобел,Boscobel
Боссет,Bosset
Бостон,Boston
Буакé,Bouaké
Булдер Китй,Boulder City
Бурнемут,Bournemouth
Бованенково,Bovanenkovo
Боземан,Bozeman
Брадфорд,Bradford
Браганçа,Bragança
Браинерд,Brainerd
Брандон,Brandon
Брансон,Branson
Брасíлиа,Brasília
Братислава,Bratislava
Братск,Bratsk
Браззавилле,Brazzaville
Браșов,Brașov (Ghimbav)
Бремен,Bremen
Бреслау,Breslau
Брест,Brest
Брест/гуипавас,Brest/Guipavas
Бревес,Breves
Бревиг Миссион,Brevig Mission
Бридгепорт,Bridgeport
Бридгетовн,Bridgetown
Бриндиси,Brindisi
Брисбане,Brisbane
Бристол,Bristol
Бриве Ла Гаилларде,Brive la Gaillarde
Брно,Brno
Броадвоод,Broadwood
Брочет,Brochet
Брокен Хилл,Broken Hill
Брооме,Broome
Бругхтон Исланд,Broughton Island
Бровнсвилле,Brownsville
Брунсвикк,Brunswick
Брянск,Bryansk
Брøннøй,Brønnøy
Буарики,Buariki
Букараманга,Bucaramanga
Бучарест,Bucharest
Буккланд,Buckland
Будапест,Budapest
Буенавентура,Buenaventura
Буэнос-Айрес,Buenos Aires
Буенос Аирес,Buenos Aires (Ezeiza)
Буффало,Buffalo
Бугулма,Bugulma
Буджумбура,Bujumbura
Бука Исланд,Buka Island
Бухара,Bukhara
Букоба,Bukoba
Булаваё,Bulawayo
Булган,Bulgan
Бундаберг,Bundaberg
Буниа,Bunia
Буол-келебес Исланд,Buol-Celebes Island
Буон Ма Туот,Buon Ma Thuot
Бураидах,Buraidah
Бурбанк,Burbank
Бурета,Bureta
Бургас,Burgas
Бурирам,Buriram
Бурлингтон,Burlington
Бурние,Burnie
Бурнс Лаке,Burns Lake
Бурнт Пине,Burnt Pine
Буркин,Burqin
Бусан,Busan
Бушехр,Bushehr
Бусселтон,Busselton
Буссй-леттрéе,Bussy-Lettrée
Бутаритари,Butaritari
Бутте,Butte
Бутуан,Butuan
Бйдгосзкз,Bydgoszcz
Бåтсфджорд,Båtsfjord
Бéчар,Béchar
Бéджаïа,Béjaïa
Бéзиерс/виас,Béziers/Vias
Бüрен,Büren
Ка Мау Китй,Ca Mau City
Кабатуан,Cabatuan
Кабинда,Cabinda
Кабо Фрио,Cabo Frio
Кабо Сан Лукас,Cabo San Lucas
Какоал,Cacoal
Каглиари,Cagliari
Каирнс,Cairns
Каир,Cairo
Каиру,Cairu
Каджамарка,Cajamarca
Каджазеирас,Cajazeiras
Калабар,Calabar
Калама,Calama
Калбаёг Китй,Calbayog City
Калдас Новас,Caldas Novas
Калден,Calden
Калгарй,Calgary
Кали,Cali
Каликут,Calicut
Калви/саинте-катерине,Calvi/Sainte-Catherine
Кам Ранх,Cam Ranh
Камагуей,Camaguey
Камбридге Бай,Cambridge Bay
Кампбелл Ривер,Campbell River
Кампбелтовн,Campbeltown
Кампече,Campeche
Кампина Гранде,Campina Grande
Кампинас,Campinas
Кампо Гранде,Campo Grande
Кампо Ларго,Campo Largo
Кампо Неллелба,Campo nell'Elba (LI)
Кампос До Джордãо,Campos do Jordão
Кампос Дос Гойтаказес,Campos dos Goytacazes
Кан То,Can Tho
Канаима,Canaima
Канберра,Canberra
Канкúн,Cancún
Канефиелд,Canefield
Канела,Canela
Каннес Алпес-маритимес,"Cannes, Alpes-Maritimes"
Кануан,Canouan
Кап Хаитиен,Cap Haitien
Кап Скирринг,Cap Skirring
Капе Гирардеау,Cape Girardeau
Капе Лисбурне,Cape Lisburne
Кейптаун,Cape Town
Карауари,Carauari
Каркассонне/салваза,Carcassonne/Salvaza
Кардифф,Cardiff
Карепа,Carepa
Карлсбад,Carlsbad
Карнарвон,Carnarvon
Карпикует Калвадос,"Carpiquet, Calvados"
Каррефур Санон,Carrefour Sanon
Карриаку Исланд,Carriacou Island
Картагена,Cartagena
Картвригхт,Cartwright
Каруару,Caruaru
Карúпано,Carúpano
Касабланка,Casablanca
Каскаис,Cascais
Каскавел,Cascavel
Каселле,Caselle (VR)
Каселле Торинесе,Caselle Torinese (TO)
Каспер,Casper
Кастеллóн Де Ла Плана,Castellón de la Plana
Кастлегар,Castlegar
Кастлетовн,Castletown
Кастрес/мазамет,Castres/Mazamet
Кастриес,Castries
Кат Хилл,Cat Hill
Кат Исланд,Cat Island
Кат Лаке,Cat Lake
Катамарка,Catamarca
Катаниа,Catania
Катарман,Catarman
Катиклан,Caticlan
Катумбела,Catumbela
Кауаян Китй,Cauayan City
Каксиас До Сул,Caxias Do Sul
Кайе Каулкер,Caye Caulker
Кайе Чапел,Caye Chapel
Каё Коко,Cayo Coco
Каё Ларго Дел Сур,Cayo Largo del Sur
Кедар Китй,Cedar City
Кедар Рапидс,Cedar Rapids
Кедрос Исланд,Cedros Island
Кеиба,Ceiba
Кентер Исланд,Center Island
Кентрал,Central
Кентрал Анд Вестерн,Central and Western
Кеута,Ceuta
Чачагüí,Chachagüí
Чачапояс,Chachapoyas
Чадрон,Chadron
Чалкйитсик,Chalkyitsik
Чандигарх,Chandigarh
Чангчун,Changchun
Чангде,Changde (Dingcheng)
Чангша,Changsha (Changsha)
Чангуинола,Changuinola
Чангжи,Changzhi
Чангжу,Changzhou
Чапекó,Chapecó
Чапелко/сан Мартин Де Лос Андес,Chapelco/San Martin de los Andes
Чарлерои,Charleroi
Чарлестон,Charleston
Чарлестовн,Charlestown
Чарлевилле,Charleville
Чарлевоикс,Charlevoix
Чарло,Charlo
Чарлотте,Charlotte
Чарлотте Амалие,Charlotte Amalie
Чарлоттесвилле,Charlottesville
Чарлоттетовн,Charlottetown
Часпузак Хауте-лоире,"Chaspuzac, Haute-Loire"
Чатам,Chatham
Чаттаноога,Chattanooga
Чаттограм,Chattogram (Chittagong)
Чайбуха,Chaybukha
Чебоксарй,Cheboksary
Чефорнак,Chefornak
Челябинск,Chelyabinsk
Ченега,Chenega
Ченгде,Chengde
Ченгду,Chengdu (Jianyang)
Ченгду,Chengdu (Shuangliu)
Ченнаи,Chennai
Ченжу,Chenzhou
Чеонгджу,Cheongju
Чердаклй,Cherdakly
Череповетс,Cherepovets
Чернивтси,Chernivtsi
Черский,Cherskiy
Честерфиелд Инлет,Chesterfield Inlet
Четумал,Chetumal
Чевак,Chevak
Чеверй,Chevery
Чейенне,Cheyenne
Чианг Маи,Chiang Mai
Чианг Раи,Chiang Rai
Чибугамау,Chibougamau
Чикаго,Chicago
Чикаго/роккфорд,Chicago/Rockford
Чиккен,Chicken
Чиклаё,Chiclayo
Чифенг,Chifeng
Чигник,Chignik
Чигник Лаке,Chignik Lake
Чихуахуа,Chihuahua
Чимботе,Chimbote
Чимоио,Chimoio
Чиморе,Chimore
Чиос Исланд,Chios Island
Чипи,Chipi
Чисасиби,Chisasibi
Чита,Chita
Читато,Chitato
Читрал,Chitral
Читрé,Chitré
Чижу,Chizhou
Чиşинăу,Chişinău
Члеф,Chlef
Чофу,Chofu
Чоисеул Бай,Choiseul Bay
Чокурдах,Chokurdah
Чонгкинг,Chongqing
Чристчурч,Christchurch
Чристианстед,Christiansted
Чристмас Креек Мине,Christmas Creek Mine
Чуатбалук,Chuathbaluk
Чуб Кай,Chub Cay
Чумфон,Chumphon
Чурчилл,Churchill
Чурчилл Фаллс,Churchill Falls
Кикиа,Cicia
Киенфуегос,Cienfuegos
Киджуланг,Cijulang
Килакап,Cilacap
Кинкиннати,Cincinnati
Кинкиннати / Ковингтон,Cincinnati / Covington
Киркле,Circle
Киудад Джуáрез,Ciudad Juárez
Киудад Обрегóн,Ciudad Obregón
Киудад Викториа,Ciudad Victoria
Киудад Де Мéксико,Ciudad de México
Киудад Де Ла Коста,Ciudad de la Costa
Киудад Дел Кармен,Ciudad del Carmen
Киудад Дел Есте,Ciudad del Este
Кларкс Поинт,Clarks Point
Клевеланд,Cleveland
Клонкуррй,Cloncurry
Кловис,Clovis
Клудж-напока,Cluj-Napoca
Клйде Ривер,Clyde River
Кобиджа,Cobija
Кока,Coca
Кочабамба,Cochabamba
Коккбурн Товн,Cockburn Town
Кодрингтон,Codrington
Кодй,Cody
Коен,Coen
Коффман Кове,Coffman Cove
Коффс Харбур,Coffs Harbour
Коимбаторе,Coimbatore
Колд Бай,Cold Bay
Колима,Colima
Колл Исланд,Coll Island
Коллеге Статион,College Station
Коломбиер-саугниеу Рхôне,"Colombier-Saugnieu, Rhône"
Коломбо,Colombo
Колонел Хилл,Colonel Hill
Колонсай,Colonsay
Колорадо Спрингс,Colorado Springs
Колумбиа,Columbia
Колумбус,Columbus
Колумбус/в Поинт/старквилле,Columbus/W Point/Starkville
Колвилле Лаке,Colville Lake
Колóн,Colón
Комисо,Comiso
Комодоро Ривадавиа,Comodoro Rivadavia
Комондú,Comondú
Комокс,Comox
Кон Дао,Con Dao
Конакрй,Conakry
Конкепкион,Concepcion
Конкорд,Concord
Константине,Constantine
Контадора Исланд,Contadora Island
Кообер Педй,Coober Pedy
Коома,Cooma
Копенхаген,Copenhagen
Копиапо,Copiapo
Корал Харбур,Coral Harbour
Кордоба,Cordoba
Кордова,Cordova
Корк,Cork
Коро,Coro
Корон,Coron
Корозал,Corozal
Корпус Чристи,Corpus Christi
Корриентес,Corrientes
Кортез,Cortez
Корумбá,Corumbá
Корвера,Corvera
Корво,Corvo
Космо Невберй,Cosmo Newbery
Косолеакакуе,Cosoleacaque
Котону,Cotonou
Коксс Базар,Cox's Bazar
Коксен Холе,Coxen Hole
Козумел,Cozumel
Краиг,Craig
Краиг Кове,Craig Cove
Краиова,Craiova
Кранброок,Cranbrook
Крескент Китй,Crescent City
Крете Исланд,Crete Island
Крикиúма,Criciúma
Кроокед Креек,Crooked Creek
Кросс Лаке,Cross Lake
Круз,Cruz
Крузеиро До Сул,Cruzeiro Do Sul
Куаухтéмок,Cuauhtémoc
Куенка,Cuenca
Куиабá,Cuiabá
Кулебра,Culebra
Кулиакáн,Culiacán
Куллередо,Culleredo
Куритиба,Curitiba
Куско,Cusco
Куё,Cuyo
Кôте-норд-ду-голфе-ду-саинт-лаурент,Côte-Nord-du-Golfe-du-Saint-Laurent
Кúкута,Cúcuta
Да Лат,Da Lat
Да Нанг,Da Nang
Дэгу,Daegu
Дакар,Dakar
Дахла,Dakhla
Даламан,Dalaman
Даланзадгад,Dalanzadgad
Далбандин,Dalbandin
Далкахуе,Dalcahue
Дали,Dali (Xiaguan)
Далиан,Dalian (Changhai)
Далиан,Dalian (Ganjingzi)
Даллас,Dallas
Даллас-форт Ворт,Dallas-Fort Worth
Далнереченск,Dalnerechensk
Дамаскус,Damascus
Дандонг,Dandong (Zhenxing)
Дангрига,Dangriga
Дакинг,Daqing
Дар Ес Салаам,Dar es Salaam
Дарбханга,Darbhanga
Дарлингтон Дурхам,"Darlington, Durham"
Дарнлей Исланд,Darnley Island
Дару,Daru
Дарвин,Darwin
Датадаваи-борнео Исланд,Datadawai-Borneo Island
Датонг,Datong
Дату Один Синсуат,Datu Odin Sinsuat
Дауфин,Dauphin
Давао,Davao
Давид,David
Давадми,Dawadmi
Давеи,Dawei
Давсон Китй,Dawson City
Дайрестан,Dayrestan
Дайтон,Dayton
Дайтона Беач,Daytona Beach
Дажу,Dazhou (Dachuan)
Дажу,Dazhou (Daxian)
Даşогуз,Daşoguz
Деадхорсе,Deadhorse
Деадманс Кай,Deadman's Cay
Деасе Лаке,Dease Lake
Деаувилле Калвадос,"Deauville, Calvados"
Дебрекен,Debrecen
Декатур,Decatur
Деер Харбор,Deer Harbor
Деер Лаке,Deer Lake
Дееринг,Deering
Дехонг,Dehong (Mangshi)
Дехрадун,Dehradun (Jauligrant)
Декаи,Dekai
Дел Кармен,Del Carmen
Делингха,Delingha
Делма Исланд,Delma Island
Дембидолло,Dembidollo
Денхам,Denham
Денизли,Denizli
Денвер,Denver
Деогхар,Deoghar
Депутатский,Deputatskiy
Дера Гхази Хан,Dera Ghazi Khan
Деррй,Derry
Дес Моинес,Des Moines
Дессие,Dessie
Дестин,Destin
Детроит,Detroit
Девилс Лаке,Devils Lake
Девонпорт,Devonport
Дезфул,Dezful
Дхака,Dhaka
Дибругарх,Dibrugarh
Диккинсон,Dickinson
Диен Биен Фу,Dien Bien Phu
Дили,Dili
Диллингхам,Dillingham
Димапур,Dimapur
Диомеде,Diomede
Диполог,Dipolog
Дикинг,Diqing (Shangri-La)
Дире Дава,Dire Dawa
Диу,Diu
Диярбакıр,Diyarbakır
Дджанет,Djanet
Дджибути Китй,Djibouti City
Днипро,Dnipro
Додге Китй,Dodge City
Додома,Dodoma
Доха,Doha
Докдо,Dokdo (Liancourt Rocks)
Долпа,Dolpa
Донегал,Donegal
Донг Хои,Dong Hoi
Донгола,Dongola
Донгйинг,Dongying (Kenli)
Дортмунд,Dortmund
Дотан,Dothan
Дуала,Douala
Дресден,Dresden
Дриетаббетдже,Drietabbetje
Дубай,Dubai
Дуббо,Dubbo
Дублин,Dublin
Дубоис,Dubois
Дубраве Горндже,Dubrave Gornje
Дубукуе,Dubuque
Дуллес,Dulles
Дулут,Duluth
Думагуете Китй,Dumaguete City
Думаи,Dumai
Думпасик,Dumpasik
Дундее,Dundee
Дунедин,Dunedin
Дунхуанг,Dunhuang
Дукм,Duqm
Дуранго,Durango
Дурбан,Durban
Дургапур,Durgapur
Душанбе,Dushanbe
Дзаудзи,Dzaoudzi
Дéлине,Déline
Дüсселдорф,Düsseldorf
Еагле,Eagle
Еаст Албурй,East Albury
Еаст Лондон,East London
Еастмаин Ривер,Eastmain River
Еастсунд,Eastsound
Еау Клаире,Eau Claire
Едай,Eday
Единбургх,Edinburgh
Едмонтон,Edmonton
Една Бай,Edna Bay
Едремит,Edremit
Еек,Eek
Егегик,Egegik
Егилсстаðир,Egilsstaðir
Еилат,Eilat
Еиндховен,Eindhoven
Ел Ааиúн,El Aaiún
Ел Аламеин,El Alamein
Ел Ариш,El Arish
Ел Аттеуф,El Atteuf
Ел Калафате,El Calafate
Ел Дорадо,El Dorado
Ел Фашер,El Fasher
Ел Хиерро Исланд,El Hierro Island
Ел Маторрал,El Matorral
Ел Мениа,El Menia
Ел Нидо,El Nido
Ел Пасо,El Paso
Ел Салвадор,El Salvador
Ел Собербио,El Soberbio
Ел Тигре,El Tigre
Ел Вигíа,El Vigía
Ел-обеид,El-Obeid
Елазığ,Elazığ
Елчо Исланд,Elcho Island
Елдорет,Eldoret
Елфин Кове,Elfin Cove
Елим,Elim
Елиста,Elista
Елко,Elko
Елмира/корнинг,Elmira/Corning
Емден,Emden
Емералд,Emerald
Еммонак,Emmonak
Енкарнакиóн,Encarnación
Енде,Ende
Енегу,Enegu
Енеджит Исланд,Enejit Island
Енфидха,Enfidha
Ениветок Атолл,Eniwetok Atoll
Енонтекио,Enontekio
Енши,Enshi (Enshi)
Еолигаррй,Eoligarry
Епагнй Метз-тессй,Epagny Metz-Tessy
Епи Исланд,Epi Island
Екалугаарсуит,Eqalugaarsuit
Еренхот,Erenhot
Ерфурт,Erfurt
Ерие,Erie
Еррачидиа,Errachidia
Ерзинкан,Erzincan
Ерзурум,Erzurum
Ес-сéниа,Es-Sénia
Есбджерг,Esbjerg
Есканаба,Escanaba
Ескиşехир,Eskişehir
Еспаргос,Espargos
Есперанке,Esperance
Ескуел,Esquel
Ессауира,Essaouira
Ессендон Фиелдс,Essendon Fields
Естремоз,Estremoz
Еуа Исланд,Eua Island
Еугене,Eugene
Евансвилле,Evansville
Евенес,Evenes
Еверетт,Everett
Евинг Товншип,Ewing Township
Екскурсион Инлет,Excursion Inlet
Ексетер Девон,"Exeter, Devon"
Ексмут,Exmouth
Ежу,Ezhou
Фаир Исле,Fair Isle
Фаирбанкс,Fairbanks
Фаисалабад,Faisalabad
Фаизабад,Faizabad
Факахина,Fakahina
Факфак,Fakfak
Фалконара Мариттима,Falconara Marittima (AN)
Фалсе Пасс,False Pass
Фангатау,Fangatau
Фаре,Fare
Фаресмаатодаа,Faresmaathodaa
Фарго,Fargo
Фаро,Faro
Фарранфоре,Farranfore
Файеттевилле,Fayetteville
Файеттевилле/спрингдале/рогерс,Fayetteville/Springdale/Rogers
Файзабад,Fayzabad
Феира Де Сантана,Feira de Santana
Фелдкирчен Беи Граз,Feldkirchen bei Graz
Фера Исланд,Fera Island
Фергана,Fergana
Фернандо Де Норонха,Fernando de Noronha
Ферно,Ferno (VA)
Фигари Суд-корсе,Figari Sud-Corse
Фирензе,Firenze (FI)
Фитиута Виллаге,Fitiuta Village
Флагстафф,Flagstaff
Флин Флон,Flin Flon
Флинт,Flint
Флоренке,Florence
Флоренкиа,Florencia
Флорианóполис,Florianópolis
Флорø,Florø
Флйинг Фиш Кове,Flying Fish Cove
Фоггиа,Foggia (FG)
Фого,Fogo
Фонд-ду-лак,Fond-du-Lac
Фонтвиеилле,Fontvieille
Форест Хилл,Forest Hill
Форлì,Forlì (FC)
Формоса,Formosa
Форт Албанй,Fort Albany
Форт Кавазос,Fort Cavazos
Форт Чипевян,Fort Chipewyan
Форт Додге,Fort Dodge
Форт Франкес,Fort Frances
Форт Гоод Хопе,Fort Good Hope
Форт Хопе,Fort Hope
Форт Лаудердале,Fort Lauderdale
Форт Леонард Воод,Fort Leonard Wood
Форт Мкмуррай,Fort McMurray
Форт Мкферсон,Fort Mcpherson
Форт Мйерс,Fort Myers
Форт Нелсон,Fort Nelson
Форт Саинт Джохн,Fort Saint John
Форт Сандеман,Fort Sandeman
Форт Северн,Fort Severn
Форт Симпсон,Fort Simpson
Форт Смит,Fort Smith
Форт Варе,Fort Ware
Форт Вайне,Fort Wayne
Форт Юкон,Fort Yukon
Форт-де-франке,Fort-de-France
Форталеза,Fortaleza
Фошан,Foshan (Nanhai)
Фула,Foula
Фокс Харбур,Fox Harbour
Фоз До Игуаçу,Foz do Iguaçu
Франкевилле,Franceville
Франкиско Белтрãо,Francisco Beltrão
Франкистовн,Francistown
Франкфурт Ам Маин,Frankfurt am Main
Франкфурт Ам Маин,Frankfurt am Main (Lautzenhausen)
Фредериктон,Fredericton
Фрееланд,Freeland
Фреепорт,Freeport
Фреетовн,Freetown (Lungi-Town)
Фресно,Fresno
Фридай Харбор,Friday Harbor
Фриедричшафен,Friedrichshafen
Фроментине,Fromentine
Фроðба,Froðba
Фуджаирах,Fujairah
Фукуока,Fukuoka
Фунадхоо,Funadhoo
Фунафути,Funafuti
Фунчал,Funchal
Фунтер Бай,Funter Bay
Футуна Исланд,Futuna Island
Фуюан,Fuyuan
Фуюн,Fuyun
Фужу,Fuzhou (Changle)
Фужу,Fuzhou (Minhou)
Фøрде,Førde
Габала,Gabala
Габороне,Gaborone
Габриола Исланд,Gabriola Island
Габèс,Gabès
Гачсаран,Gachsaran
Гафса,Gafsa
Гаинесвилле,Gainesville
Галкаио,Galcaio
Галена,Galena
Галиано Исланд,Galiano Island
Галле,Galle
Галлуп,Gallup
Гамба,Gamba
Гамбела,Gambela
Гамбелл,Gambell
Гамèтì,Gamètì
Ган,Gan
Гандер,Gander
Ганджа,Ganja
Ганнан,Gannan (Xiahe)
Ганнаварам,Gannavaram
Ганжу,Ganzhou
Гарден Китй,Garden City
Гаруа,Garoua
Гарове,Garowe
Гарзê,Garzê (Daocheng)
Гарзê,Garzê (Garzê)
Гарзê,Garzê (Kangding)
Гарзóн,Garzón
Гасмата Исланд,Gasmata Island
Гаспé,Gaspé
Гатинеау,Gatineau
Гатокэ,Gatokae
Гая,Gaya
Газиантеп,Gaziantep
Газиемир,Gaziemir
Газипаşа,Gazipaşa
Гбадолите,Gbadolite
Гдаńск,Gdańsk
Геленджик,Gelendzhik
Гемена,Gemena
Генерал Сантос,General Santos
Генева,Geneva
Генова,Genova (GE)
Георге,George
Георге Товн,George Town
Георгетовн,Georgetown
Гералдс Парк,Gerald's Park
Герокгак Булеленг,"Gerokgak, Buleleng"
Гхат,Ghat
Гхазиабад,Ghaziabad
Гибралтар,Gibraltar
Гилфорд Исланд,Gilford Island
Гилгит,Gilgit
Гиллам,Gillam
Гиллетте,Gillette
Гирона,Girona
Гисборне,Gisborne
Гизо,Gizo
Гджоа Хавен,Gjoa Haven
Гладстоне,Gladstone
Гласгов,Glasgow
Глендиве,Glendive
Глевике,Glewice
Гобернадор Грегорес,Gobernador Gregores
Годе,Gode
Годс Лаке,Gods Lake
Годс Лаке Нарровс,Gods Lake Narrows
Годс Ривер,Gods River
Гоин,Goin
Гоиâниа,Goiânia
Голд Коаст,Gold Coast
Голден Меадов,Golden Meadow
Голфито,Golfito
Голмуд,Golmud
Голог,Golog (Maqên)
Головин,Golovin
Гома,Goma
Гомбе,Gombe
Гомел,Gomel
Гондиа,Gondia
Гонгханг-ро,Gonghang-ro
Гоодневс,Goodnews
Гоосе Бай,Goose Bay
Горахпур,Gorakhpur
Горнджи Хумак,Gornji Humac
Горонка,Goronka
Горонтало-келебес Исланд,Gorontalo-Celebes Island
Гото,Goto
Говернадор Валадарес,Governador Valadares
Говернорс Харбур,Governor's Harbour
Гозо,Gozo
Гкеберха,Gqeberha (Port Elizabeth)
Гран Канариа Исланд,Gran Canaria Island
Гран Рокуе Исланд,Gran Roque Island
Гранада,Granada
Гранд Канён - Тусаян,Grand Canyon - Tusayan
Гранд Касе,Grand Case
Гранд Форкс,Grand Forks
Гранд Исланд,Grand Island
Гранд Джунктион,Grand Junction
Гранд Рапидс,Grand Rapids
Гранд-бург,Grand-Bourg
Гранде Ансе,Grande Anse
Гранде Праирие,Grande Prairie
Гравенхурст,Gravenhurst
Грайлинг,Grayling
Греат Фаллс,Great Falls
Греен Бай,Green Bay
Греенсборо,Greensboro
Греенвилле,Greenville
Греер,Greer
Гревен,Greven
Гриффит,Griffith
Гримсбй Линколншире,"Grimsby, Lincolnshire"
Грисе Фиорд,Grise Fiord
Гронинген,Groningen
Грооте Ейландт,Groote Eylandt
Грознй,Grozny
Грâке-холлогне,Grâce-Hollogne
Грíмсей,Grímsey
Гуадаладжара,Guadalajara
Гуанаджа,Guanaja
Гуангюан,Guangyuan (Lizhou)
Гуангжу,Guangzhou (Huadu)
Гуапи,Guapi
Гуарапари,Guarapari
Гуарапуава,Guarapuava
Гуасаве,Guasave
Гуатемала Китй,Guatemala City
Гуаякуил,Guayaquil
Гуаярамерíн,Guayaramerín
Гуаймас,Guaymas
Гуаíра,Guaíra
Гуемар,Guemar
Гуилин,Guilin (Lingui)
Гуиянг,Guiyang (Nanming)
Гулфпорт,Gulfport
Гулкана,Gulkana
Гулу,Gulu
Гуннисон,Gunnison
Гунсан,Gunsan
Гунунгситоли,Gunungsitoli
Гурандани,Gurandani
Гураят,Gurayat
Гурней,Gurney
Густавиа,Gustavia
Густавус,Gustavus
Гувахати,Guwahati
Гуюан,Guyuan (Yuanzhou)
Гузара,Guzara
Гвалиор,Gwalior
Гвангджу,Gwangju
Гвинн,Gwinn
Гюмри,Gyumri
Гäлливаре,Gällivare
Гöтеборг,Göteborg
Хаил,Ha'il
Хаа Дхаалу Атолл,Haa Dhaalu Atoll
Хачиджоджима,Hachijojima
Хадсел,Hadsel
Хагерстовн,Hagerstown
Хагåтñа,Hagåtña
Хаибеи,Haibei (Qilian)
Хаидонг,Haidong (Huzhu Tu Autonomous County)
Хаифа,Haifa
Хаику,Haikou (Meilan)
Хаилар,Hailar
Хаилей,Hailey
Хаинес,Haines
Хаифонг,Haiphong (Hai An)
Хаккари,Hakkari
Хакодате,Hakodate
Халали,Halali
Халифакс,Halifax
Халмстад,Halmstad
Хамадан,Hamadan
Хамбантота,Hambantota
Хамбург,Hamburg
Хами,Hami
Хамилтон,Hamilton
Хамилтон Исланд,Hamilton Island
Хаммерфест,Hammerfest
Хана,Hana
Ханак,Hanak
Ханамаки,Hanamaki
Ханкокк,Hancock
Хандан,Handan
Хангмата,Hangmata
Хангжу,Hangzhou
Ханновер,Hannover
Ханои,Hanoi (Soc Son)
Ханжонг,Hanzhong (Chenggu)
Хараре,Harare
Харбин,Harbin
Харгеиса,Hargeisa
Харлесиел,Harlesiel
Харлинген,Harlingen
Харрисбург,Harrisburg
Харрисон,Harrison
Хартфорд,Hartford
Хасси Мессауд,Hassi Messaoud
Хасвик,Hasvik
Хат Яи,Hat Yai
Хаттарвíк,Hattarvík
Хавана,Havana
Хавре,Havre
Хавре-саинт-пиерре,Havre-Saint-Pierre
Хавасса,Hawassa
Хавторне,Hawthorne
Хай Ривер,Hay River
Хайден,Hayden
Хайман Исланд,Hayman Island
Хайс,Hays
Хеалй,Healy
Хечи,Hechi (Jinchengjiang)
Хефеи,Hefei
Хеихе,Heihe
Хеист,Heist
Хеджинг,Hejing
Хелена,Helena
Хелголанд,Helgoland
Хелипуерто Де Ла Киудад Де Мéксико,Helipuerto de la Ciudad de México
Хелсинки,Helsinki (Vantaa)
Хемаван,Hemavan
Хенгянг,Hengyang
Хераклион,Heraklion
Хермосилло,Hermosillo
Хервей Бай,Hervey Bay
Хезе,Heze (Dingtao)
Хиббинг,Hibbing
Хигашикагура,Higashikagura
Хигашине,Higashine
Хигх Левел,High Level
Хикуеру,Hikueru
Хило,Hilo
Хилтон Хеад Исланд,Hilton Head Island
Хирошима,Hiroshima
Хисар,Hisar
Хива Оа Исланд,Hiva Oa Island
Хо,Ho
Хо Чи Минх Китй,Ho Chi Minh City
Хобарт,Hobart (Cambridge)
Хоббс,Hobbs
Ходеида,Hodeida
Хоедспруит,Hoedspruit
Хоемун-ри,Hoemun-ri
Хофуф,Hofuf
Хоххот,Hohhot
Холгуин,Holguin
Холингол,Holingol
Холлис,Hollis
Холлонги,Hollongi
Холй Кросс,Holy Cross
Хомер,Homer
Хондаррибиа,Hondarribia
Гонконг,Hong Kong
Хониара,Honiara
Хоннингсвåг,Honningsvåg
Хонолулу Оаху,"Honolulu, Oahu"
Хоонах,Hoonah
Хоопер Бай,Hooper Bay
Хопедале,Hopedale
Хорн,Horn
Хорта,Horta
Хот Спрингс,Hot Springs
Хотан,Hotan
Хотан,Hotan (Yutian)
Хустон,Houston
Хуа Хин,Hua Hin
Хуаиан,Huai'an
Хуаихуа,Huaihua
Хуалиен Китй,Hualien City
Хуамбо,Huambo
Хуанкаё,Huancayo
Хуангшан,Huangshan
Хуатулко,Huatulco
Хубли,Hubli
Хуехуетенанго,Huehuetenango
Хугхенден,Hughenden
Хугхес,Hughes
Хуижу,Huizhou (Pingtan)
Хуннан Шенянг,"Hunnan, Shenyang"
Хунтингтон,Huntington
Хунтсвилле,Huntsville
Хургхада,Hurghada
Хуслиа,Huslia
Хутчинсон,Hutchinson
Хувадху Атолл,Huvadhu Atoll
Хукси,Huxi
Хуáнуко,Huánuco
Хуế,Huế
Хяннис,Hyannis
Хйдабург,Hydaburg
Хйдер,Hyder
Хйдерабад,Hyderabad
Хйèрес Вар,"Hyères, Var"
Хöфн,Höfn
Хúсавíк,Húsavík
Хồ Чí Минх,Hồ Chí Minh
И Фаданг Саипан,"I Fadang, Saipan"
Иаşи,Iaşi
Ибадан,Ibadan
Ибагуé,Ibagué
Ибиза,Ibiza (Eivissa)
Идахо Фаллс,Idaho Falls
Игалику,Igaliku
Игарка,Igarka
Игинниарфик,Iginniarfik
Игиугиг,Igiugig
Иглоолик,Igloolik
Икамиут,Ikamiut
Икариа Исланд,Ikaria Island
Икерасак,Ikerasak
Икерассаарсук,Ikerassaarsuk
Ики,Iki
Илебо,Ilebo
Илфорд,Ilford
Илхéус,Ilhéus
Или,Ili (Yining / Ghulja)
Илиамна,Iliamna
Илиманак,Ilimanaq
Илинден,Ilinden
Иллизи,Illizi
Иллорсуит,Illorsuit
Ило,Ilo
Илорин,Ilorin
Илулиссат,Ilulissat
Императриз,Imperatriz
Империал,Imperial
Имфал,Imphal
Ин Амéнас,In Aménas
Ин Салах,In Salah
Индепенденке,Independence
Индианаполис,Indianapolis
Индоре,Indore
Инхамбане,Inhambane
Инис Меáин,Inis Meáin
Инис Мóр,Inis Mór
Инис Оíрр,Inis Oírr
Иннарсуит,Innarsuit
Иннсбрукк,Innsbruck
Инонго,Inongo
Интернатионал Фаллс,International Falls
Инукджуак,Inukjuak
Инувик,Inuvik
Инверкаргилл,Invercargill
Инверин,Inverin
Инвернесс,Inverness
Иоаннина,Ioannina
Ипатинга,Ipatinga
Ипиалес,Ipiales
Ипох,Ipoh
Икалуит,Iqaluit
Икуикуе,Iquique
Икуитос,Iquitos
Иркутск,Irkutsk
Иронвоод,Ironwood
Исфахан,Isfahan
Исфана,Isfana
Ишигаки,Ishigaki
Исиро,Isiro
Исла Балтра,Isla Baltra
Исла Колóн,Isla Colón
Исла Де Паскуа,Isla De Pascua
Исла Маргарита,Isla Margarita
Исла Де Коче,Isla de Coche
Исланд Лаке,Island Lake
Исле Оф Ислай Аргйлл Анд Буте,"Isle of Islay, Argyll and Bute"
Ислесборо,Islesboro
Ислип,Islip
Исола Ди Капо Риззуто,Isola di Capo Rizzuto (KR)
Исорток,Isortoq
Испарта,Isparta
Итаитуба,Itaituba
Итбаят,Itbayat
Итака,Ithaca
Иттоккортоормиит,Ittoqqortoormiit
Ивало,Ivalo
Ивано-франкивск,Ivano-Frankivsk
Иваново,Ivanovo
Ивинхема,Ivinhema
Ивудживик,Ivujivik
Ивакуни,Iwakuni
Ивур,Iwur
Икстапа,Ixtapa
Икстепек,Ixtepec
Ижевск,Izhevsk
Изу Ошима,Izu Oshima
Изумо,Izumo
Иğдıр,Iğdır
Джабалпур,Jabalpur
Джабор Джалуит Атолл,Jabor Jaluit Atoll
Джакксон,Jackson
Джакксонвилле,Jacksonville
Джаффна,Jaffna
Джагдалпур,Jagdalpur
Джагуаруна,Jaguaruna
Джаипур,Jaipur
Джакар,Jakar
Джакарта,Jakarta
Джалал-абад,Jalal-Abad
Джалгаон,Jalgaon
Джамби,Jambi
Джаместовн,Jamestown
Джамму,Jammu
Джамнагар,Jamnagar
Джанакпур,Janakpur
Джандаиа,Jandaia
Джашоре,Jashore (Jessore)
Джасионка,Jasionka
Джауджа,Jauja
Джаéн,Jaén
Джебел Али,Jebel Ali
Джеддах,Jeddah
Джеджу Китй,Jeju City
Джембер,Jember
Джерез Де Ла Фронтера,Jerez de la Frontera
Джиан,Ji'an
Джи-паранá,Ji-Paraná
Джиагедаки,Jiagedaqi
Джиамуси,Jiamusi
Джиансанджианг,Jiansanjiang
Джиаюгуан,Jiayuguan
Джиеянг,Jieyang (Rongcheng)
Джиджига,Jijiga
Джимма,Jimma
Джинан,Jinan (Licheng)
Джинчанг,Jinchang
Джингдежен,Jingdezhen
Джингхонг,Jinghong (Gasa)
Джингжу,Jingzhou (Shashi)
Джинхуа,Jinhua (Yiwu)
Джининг,Jining
Джинжу,Jinzhou (Linghai)
Джиуджианг,Jiujiang
Дживани,Jiwani
Джикси,Jixi
Джизан,Jizan
Джодхпур,Jodhpur
Джоенсуу,Joensuu
Йоханнесбург,Johannesburg
Джохнстовн,Johnstown
Джохор Бахру,Johor Bahru
Джоинвилле,Joinville
Джоло,Jolo
Джомсом,Jomsom
Джонесборо,Jonesboro
Джоплин,Joplin
Джорхат,Jorhat
Джос,Jos
Джоãо Пессоа,João Pessoa
Джуазеиро До Норте,Juazeiro do Norte
Джуба,Juba
Джуист,Juist
Джуиз Де Фора,Juiz de Fora
Джулиака,Juliaca
Джумла,Jumla
Джунеау,Juneau
Джйвäскйлäн Маалаискунта,Jyväskylän Maalaiskunta
Джöнкöпинг,Jönköping
Кабола,Kabola
Кабул,Kabul
Кадапа,Kadapa
Кадхдхоо,Kadhdhoo
Кадуна,Kaduna
Кагау Исланд,Kagau Island
Кагошима,Kagoshima
Кахраманмараş,Kahramanmaraş
Кахулуи,Kahului
Каиетеур Фаллс,Kaieteur Falls
Каили,Kaili  (Huangping)
Каилуа-кона,Kailua-Kona
Каимана,Kaimana
Каджаани,Kajaani
Какади,Kakadi
Каке,Kake
Каклуп,Kaklup
Калабураги,Kalaburagi
Каламата,Kalamata
Каламазоо,Kalamazoo
Калаупапа,Kalaupapa
Калав Товншип,Kalaw Township
Калбарри,Kalbarri
Калемие,Kalemie
Калибо,Kalibo
Калининград,Kaliningrad
Калиспелл,Kalispell
Калмар,Kalmar
Калскаг,Kalskag
Калтаг,Kaltag
Калймнос Исланд,Kalymnos Island
Камембе,Kamembe
Камина,Kamina
Камлоопс,Kamloops
Кампала,Kampala
Кананга,Kananga
Каназава,Kanazawa
Кандла,Kandla
Кандй,Kandy
Кангаатсиак,Kangaatsiaq
Кангерлуссуак,Kangerlussuaq
Кангерсуатсиак,Kangersuatsiaq
Кангилиннгуит,Kangilinnguit
Кангиксуалуджджуак,Kangiqsualujjuaq
Кангиксуджуак,Kangiqsujuaq
Кангирсук,Kangirsuk
Кангра,Kangra
Каннур,Kannur
Кано,Kano
Канпур,Kanpur
Кансас Китй,Kansas City
Канти,Kanti
Каохсиунг,Kaohsiung (Xiaogang)
Карачи,Karachi
Караганда,Karaganda
Карадж,Karaj
Каракол,Karakol
Карамай,Karamay
Карара,Karara
Каримунджава,Karimunjawa
Карловй Варй,Karlovy Vary
Карлстад,Karlstad
Карлук,Karluk
Кармøй,Karmøy
Карпатос Исланд,Karpathos Island
Каррата,Karratha
Карс,Kars
Карши,Karshi
Каруп,Karup
Касаан,Kasaan
Касабоника,Kasabonika
Касама,Kasama
Касане,Kasane
Кашан,Kashan
Кашечеван,Kashechewan
Кашгар,Kashgar
Касиглук,Kasigluk
Касос Исланд,Kasos Island
Кассала,Kassala
Кастелоризо Исланд,Kastelorizo Island
Катманду,Kathmandu
Катмаи Натионал Парк,Katmai National Park
Катовике,Katowice
Кауехи,Kauehi
Каунакакаи,Kaunakakai
Каунас,Kaunas
Кавала,Kavala
Кавиенг,Kavieng
Кавтунг,Kawthoung
Кайсери,Kayseri
Казан,Kazan
Казантсево,Kazantsevo
Казарман,Kazarman
Каšтел Šтафилиć,Kaštel Štafilić
Кеарней,Kearney
Кебри Дахар,Kebri Dahar
Кеевайвин,Keewaywin
Кефаллиниа Исланд,Kefallinia Island
Келлейс Исланд,Kelleys Island
Келовна,Kelowna
Кемерово,Kemerovo
Кеми / Торнио,Kemi / Tornio
Кенаи,Kenai
Кендари,Kendari
Кенгтунг,Kengtung
Кенморе,Kenmore
Кенора,Kenora
Кепервеем,Keperveem
Кербен,Kerben
Керема,Kerema
Керикери,Kerikeri
Керкйра,Kerkyra (Corfu)
Керман,Kerman
Керманшах,Kermanshah
Кертаджати,Kertajati
Кешод,Keshod
Кетапанг,Ketapang
Кетчикан,Ketchikan
Кей Вест,Key West
Хабаровск,Khabarovsk
Хаджурахо,Khajuraho
Хантй-мансийск,Khanty-Mansiysk
Харк,Khark
Харкив,Kharkiv
Хартум,Khartoum
Хасаб,Khasab
Хатанга,Khatanga
Херсон,Kherson
Хияроо,Khiyaroo
Хон Кэн,Khon Kaen
Хонуу,Khonuu
Хост,Khost
Ховд,Khovd
Худжанд,Khujand
Хуздар,Khuzdar
Хужир Олхон Исланд,"Khuzhir, Olkhon Island"
Хвошаб,Khvoshab
Киана,Kiana
Кичменгский Городок,Kichmengskiy Gorodok
Киета,Kieta
Кигали,Kigali
Кигома,Kigoma
Кикаи,Kikai
Кикори,Kikori
Киквит,Kikwit
Кили Исланд,Kili Island
Килиндони,Kilindoni
Килиноччи,Kilinochchi
Кимбе,Kimbe
Кимберлей,Kimberley
Киммирут,Kimmirut
Кинчелое,Kincheloe
Кинду,Kindu
Кинг Кове,King Cove
Кинг Халед Милитарй Китй,King Khaled Military City
Кинг Салмон,King Salmon
Кингфишер Лаке,Kingfisher Lake
Кингсфорд,Kingsford
Кингстон,Kingston
Кингстовн,Kingstown
Киннгаит,Kinngait
Киншаса,Kinshasa
Кипнук,Kipnuk
Киракира,Kirakira
Киритимати,Kiritimati
Киркенес,Kirkenes
Киркджа,Kirkja
Кирксвилле,Kirksville
Киров,Kirov
Кируна,Kiruna
Кирундо,Kirundo
Кисангани,Kisangani
Киш Исланд,Kish Island
Кисоро,Kisoro
Кисуму,Kisumu
Китаакита,Kitaakita
Китадаитōджима,Kitadaitōjima
Китакюшу,Kitakyushu
Китира Исланд,Kithira Island
Китои Бай,Kitoi Bay
Китсиссуарсуит,Kitsissuarsuit
Киттилä,Kittilä
Киунга,Kiunga
Кивалина,Kivalina
Киви,Kiwi
Кивирок,Kiwirok
Кижи,Kizhi
Кджевик,Kjevik
Клагенфурт Ам Вöртерсее,Klagenfurt am Wörthersee
Клаксвíк,Klaksvík
Клавокк,Klawock
Клиса,Klisa
Кобе,Kobe
Кобук,Kobuk
Кочи,Kochi
Кодиак,Kodiak
Когалйм,Kogalym
Коханок,Kokhanok
Коккола / Круунупйй,Kokkola / Kruunupyy
Кокопо,Kokopo
Кокшетау,Kokshetau
Колака,Kolaka
Колхапур,Kolhapur
Колиганек,Koliganek
Колката,Kolkata
Колтур,Koltur
Колвези,Kolwezi
Комсомолск-на-амур,Komsomolsk-na-Amur
Комсомолск-он-амур,Komsomolsk-on-Amur
Конарак,Konarak
Конгиганак,Kongiganak
Коня,Konya
Конé,Koné
Копитнари,Kopitnari
Корхого,Korhogo
Корла,Korla
Коро Исланд,Koro Island
Коромико,Koromiko
Кос Исланд,Kos Island
Костанай,Kostanay
Костомукша,Kostomuksha
Кострома,Kostroma
Кота Бахару,Kota Baharu
Кота Кинабалу,Kota Kinabalu
Котлас,Kotlas
Котлик,Kotlik
Котзебуе,Kotzebue
Кумак,Koumac
Кованяма,Kowanyama
Коюк,Koyuk
Коюкук,Koyukuk
Козани,Kozani
Коšике,Košice
Краби,Krabi
Кралендиджк,Kralendijk
Кралджево,Kraljevo
Краснодар,Krasnodar
Красноярск,Krasnoyarsk
Краснйи Курган,Krasnyi Kurgan
Крйвйи Рих,Kryvyi Rih
Куала Песисир,Kuala Pesisir
Куала Теренггану,Kuala Terengganu
Куантан,Kuantan
Кубибкоп,Kubibkop
Кубин Исланд,Kubin Island
Кучинг,Kuching
Кудат,Kudat
Куфра,Kufra
Кугаарук,Kugaaruk
Куглуктук,Kugluktuk
Кулхудхуффуши,Kulhudhuffushi
Кулусук,Kulusuk
Куляб,Kulyab
Кумамото,Kumamoto
Кумаси,Kumasi
Кумеджима,Kumejima
Кундиава,Kundiawa
Кунминг,Kunming
Кунунурра,Kununurra
Куопио / Сиилинджäрви,Kuopio / Siilinjärvi
Купанг,Kupang
Кука,Kuqa
Курессааре,Kuressaare
Курган,Kurgan
Курган-тюбе,Kurgan-Tyube
Курилск,Kurilsk
Курск,Kursk
Куширо,Kushiro
Кута Бадунг,"Kuta, Badung"
Кутакане,Kutacane
Кууджджуак,Kuujjuaq
Кууджджуарапик,Kuujjuarapik
Кууммиут,Kuummiut
Куусамо,Kuusamo
Куваит Китй,Kuwait City
Кваркено,Kvarkeno
Квернбергет,Kvernberget
Кваджалеин,Kwajalein
Кватта,Kwatta
Кветлук,Kwethluk
Квигиллингок,Kwigillingok
Кяукпю,Kyaukpyu
Кйив,Kyiv
Кйзйл,Kyzyl
Кйзйл-кия,Kyzyl-Kiya
Кйзйлорда,Kyzylorda
Кäрдла,Kärdla
Кöлн,Köln (Cologne)
Ла Баие,La Baie
Ла Кеиба,La Ceiba
Ла Чоррера,La Chorrera
Ла Кроссе,La Crosse
Ла Гранде Ривиèре,La Grande Rivière
Ла Исабела,La Isabela
Ла Макарена,La Macarena
Ла Мôле Вар,"La Môle, Var"
Ла Паз,La Paz
Ла Паз / Ел Алто,La Paz / El Alto
Ла Педрера,La Pedrera
Ла Риоджа,La Rioja
Ла Рочелле/îле Де Рé,La Rochelle/Île de Ré
Ла Романа,La Romana
Ла Ронге,La Ronge
Ла Серена-кокуимбо,La Serena-Coquimbo
Ла Сеу Дургелл Пйренеес Анд Андорра,La Seu d'Urgell Pyrenees and Andorra
Ла Табатиèре,La Tabatière
Ла Тома,La Toma (Catamayo)
Ла Вирген Дел Камино,La Virgen Del Camino
Лааге,Laage
Лабаса,Labasa
Лабуан,Labuan
Лабуан Баджо Манггараи Барат,"Labuan Bajo, Manggarai Barat"
Лак Брочет,Lac Brochet
Лак Ду Боннет,Lac du Bonnet
Лэ,Lae
Лэм Нгоп,Laem Ngop
Лафайетте,Lafayette
Лагес,Lages
Лагос,Lagos
Лагуиндинган,Laguindingan
Лахад Дату,Lahad Datu
Лахаина,Lahaina
Лахоре,Lahore
Ладжаману,Lajamanu
Ладжитас,Lajitas
Лаке Чарлес,Lake Charles
Лаке Муррай,Lake Murray
Лакеба Исланд,Lakeba Island
Лакеланд,Lakeland
Лакселв,Lakselv
Ламап,Lamap
Ламен Бай,Lamen Bay
Ламерд,Lamerd
Ламезиа Терме,Lamezia Terme (CZ)
Лампедуса,Lampedusa
Ламу,Lamu
Ланаи,Lanai
Ланаи Китй,Lanai City
Ланкастер,Lancaster
Ландс Енд Корнвалл,"Land's End, Cornwall"
Ландасан Улин,Landasan Ulin
Ланггур,Langgur
Лангкави,Langkawi
Ланкаран,Lankaran
Лансдовне Хусе,Lansdowne House
Лансинг,Lansing
Ланжу,Lanzhou (Yongdeng)
Лаоаг Китй,Laoag City
Лаппеенранта,Lappeenranta
Лапу-лапу Китй,Lapu-Lapu City
Лар,Lar
Лара,Lara
Ларамие,Laramie
Ларедо,Laredo
Ларнака,Larnaca
Ларсен Бай,Larsen Bay
Лас Крукес,Las Cruces
Лас Херас,Las Heras
Лас Тунас,Las Tunas
Лас Вегас,Las Vegas
Лашио,Lashio
Латакунга,Latacunga
Латробе,Latrobe
Латур,Latur
Лаункестон,Launceston (Western Junction)
Лавертон,Laverton
Лава Коттика,Lawa Cottica
Лавас,Lawas
Лавтон,Lawton
Лазй Бай,Lazy Bay
Ле Голфе-ду-саинт-лаурент,Le Golfe-du-Saint-Laurent
Ле Манс Сарте,"Le Mans, Sarthe"
Лебанон,Lebanon
Леедс Вест Ёркшире,"Leeds, West Yorkshire"
Лефконико,Lefkoniko (Geçitkale)
Легазпи,Legazpi
Легазпи Китй,Legazpi City
Лех,Leh
Леирвик,Leirvik
Лекнес,Leknes
Ленск,Lensk
Ленçóис,Lençóis
Леонора,Leonora
Лерос Исланд,Leros Island
Лервикк Шетланд,"Lerwick, Shetland"
Лервикк Шетланд Исландс,"Lerwick, Shetland Islands"
Лес Кайес,Les Cayes
Лес Îлес-де-ла-маделеине,Les Îles-de-la-Madeleine
Лешуконскойе,Leshukonskoye
Лескуин,Lesquin
Летбридге,Lethbridge
Летем,Lethem
Летикиа,Leticia
Левалдиги,Levaldigi (CN)
Левисбург,Lewisburg
Левистон,Lewiston
Лексингтон,Lexington
Лхок Сеумаве-суматра Исланд,Lhok Seumawe-Sumatra Island
Лиангшан,Liangshan (Xichang)
Лианюнганг,Lianyungang
Либерал,Liberal
Либериа,Liberia
Либревилле,Libreville
Личинга,Lichinga
Лифу,Lifou
Лифука,Lifuka
Лихуе,Lihue
Лиджианг,Lijiang (Gucheng)
Ликиеп Исланд,Likiep Island
Лилабари,Lilabari
Лима,Lima
Лимбанг,Limbang
Лимнос Исланд,Limnos Island
Лимогес/беллегарде,Limoges/Bellegarde
Линканг,Lincang
Линканг,Lincang (Cangyuan)
Линколн,Lincoln
Линфен,Linfen (Yaodu)
Линкöпинг,Linköping
Линйи,Linyi (Hedong)
Линз,Linz
Липетск,Lipetsk
Липинг,Liping
Лисбон,Lisbon
Лисморе,Lismore
Литтле Рокк,Little Rock
Лиупаншуи,Liupanshui (Zhongshan)
Лиужу,Liuzhou (Liujiang)
Ливерпоол,Liverpool
Ливингстоне,Livingstone
Ллеида,Lleida
Ллойдминстер,Lloydminster
Локхарт Ривер,Lockhart River
Лоикав,Loikaw
Лолак,Lolak
Ломé,Lomé
Лондоловит,Londolovit
Лондон,London
Лондрина,Londrina
Лонг Апунг-борнео Исланд,Long Apung-Borneo Island
Лонг Банга,Long Banga
Лонг Баван,Long Bawan
Лонг Беач,Long Beach
Лонг Датих,Long Datih
Лонг Рунган,Long Rungan
Лонг Серидан,Long Seridan
Лонгана,Longana
Лонгнан,Longnan (Cheng)
Лонгреач,Longreach
Лонгвиев,Longview
Лонгвоод,Longwood
Лонгян,Longyan (Liancheng)
Лонгйеарбйен,Longyearbyen
Лонороре,Lonorore
Лопез,Lopez
Лорд Хове Исланд,Lord Howe Island
Лорето,Loreto
Лориент/ланн/бихуé,Lorient/Lann/Bihoué
Лос-Анджелес,Los Angeles
Лос Мочис,Los Mochis
Лосуиа,Losuia
Луисвилле,Louisville
Ловелл,Lovell
Луанда,Luanda
Луанг Намта,Luang Namtha
Луанг Фабанг,Luang Phabang
Лубанг,Lubang
Лубанго,Lubango
Луббокк,Lubbock
Лублин,Lublin
Лубумбаши,Lubumbashi
Луккнов,Lucknow
Лудеритз,Luderitz
Луганвилле,Luganville
Луговой,Lugovoy
Луханск,Luhansk
Лукла,Lukla
Лулеå,Luleå
Лумбадзи,Lumbadzi
Лундй Исланд,Lundy Island
Луоянг,Luoyang (Laocheng)
Лусака,Lusaka
Лутон Бедфордшире,"Luton, Bedfordshire"
Лутселке,Lutselk'e
Луксембург,Luxembourg
Луксор,Luxor
Лужу,Luzhou (Yunlong)
Лвив,Lviv
Лйккселе,Lycksele
Лйнчбург,Lynchburg
Лйнн Лаке,Lynn Lake
Лáбреа,Lábrea
Лæсø,Læsø
Лüбекк,Lübeck
Лüлианг,Lüliang
Маамигили,Maamigili
Маастричт,Maastricht
Мааваарулу,Maavaarulu
Мабалакат,Mabalacat
Мабуиаг Исланд,Mabuiag Island
Макапá,Macapá
Макас,Macas
Макеиó,Maceió
Маккай,Mackay
Маккензие,Mackenzie
Макон,Macon
Маданг,Madang
Мадхурапуди,Madhurapudi
Мадисон,Madison
Мадрид,Madrid
Мадураи,Madurai
Мэ Хонг Сон,Mae Hong Son
Мафекинг,Mafeking
Магадан,Magadan
Магнитогорск,Magnitogorsk
Магвай,Magway
Махаджанга,Mahajanga
Махе Исланд,Mahe Island
Маховлджани,Mahovljani
Махшахр,Mahshahr
Махóн,Mahón (Maó)
Маидугури,Maiduguri
Маикуетíа,Maiquetía
Маджкин,Majkin
Маджуро Атолл,Majuro Atoll
Макемо,Makemo
Махачкала,Makhachkala
Макинохара / Шимада,Makinohara / Shimada
Макковик,Makkovik
Макоку,Makokou
Макурди,Makurdi
Малабо,Malabo
Маланг,Malang
Маландже,Malanje
Малатя,Malatya
Малдонадо,Maldonado
Малинау,Malinau
Малинди,Malindi
Малмö,Malmö
Малоло Лаилаи Исланд,Malolo Lailai Island
Малунг-сäлен,Malung-Sälen
Малé,Malé
Мамбаджао,Mambajao
Маммот Лакес,Mammoth Lakes
Мана Исланд,Mana Island
Манадо,Manado
Манагуа,Managua
Манама,Manama
Мананджарй,Mananjary
Манаоба,Manaoba
Манаус,Manaus
Манчестер,Manchester
Манчестер Греатер Манчестер,"Manchester, Greater Manchester"
Мандалай,Mandalay
Мандалгоби,Mandalgobi
Мангалоре,Mangalore
Манхаттан,Manhattan
Маникорé,Manicoré
Манихики Исланд,Manihiki Island
Маниитсок,Maniitsoq
Манила,Manila (Pasay)
Манингрида,Maningrida
Манистее,Manistee
Манизалес,Manizales
Манлей Хот Спрингс,Manley Hot Springs
Маннхеим,Mannheim
Манокотак,Manokotak
Маноквари,Manokwari
Манта,Manta
Манус Исланд,Manus Island
Манзанилло,Manzanillo
Манжули,Manzhouli
Мапле Бай,Maple Bay
Мапуто,Maputo
Мар,Mar
Мар Дел Плата,Mar del Plata
Марабá,Marabá
Маракаибо,Maracaibo
Марау,Marau
Мараú,Maraú
Мардин,Mardin
Маргате,Margate
Мариехамн,Mariehamn
Маригнане Бучес-ду-рхôне,"Marignane, Bouches-du-Rhône"
Маригот,Marigot
Марингá,Maringá
Марион,Marion
Мариупол,Mariupol
Марково,Markovo
Мароантсетра,Maroantsetra
Мароочйдоре,Maroochydore
Маруа,Maroua
Марракеч,Marrakech
Марса Алам,Marsa Alam
Марса Матрух,Marsa Matruh
Марш Харбур,Marsh Harbour
Маршалл,Marshall
Марстал,Marstal
Мартас Винеярд,Martha's Vineyard
Маруди,Marudi
Марй,Mary
Марйс Харбур,Mary's Harbour
Марé,Maré
Марíлиа,Marília
Масаи Мара,Masai Mara
Масбате,Masbate
Машхад,Mashhad
Масон Китй,Mason City
Массена,Massena
Массет,Masset
Масуда,Masuda
Матаморос,Matamoros
Матанзас,Matanzas
Матарам,"Mataram (Pujut, Lombok Tengah)"
Матеи,Matei
Матиникус Исланд,Matinicus Island
Матурй,Matoury
Матсу,Matsu (Beigan)
Матсу,Matsu (Nangan)
Матсумото,Matsumoto
Матсуяма,Matsuyama
Маттала,Mattala
Маттев Товн,Matthew Town
Матурíн,Maturín
Мауке Исланд,Mauke Island
Маун,Maun
Мавламйине,Mawlamyine
Май Креек,May Creek
Маягуез,Mayaguez
Маймана,Maymana
Мазапил,Mazapil
Мазар-и-шариф,Mazar-i-Sharif
Мазатлàн,Mazatlàn
Мазенод,Mazenod
Мбандака,Mbandaka
Мбанза Конго,Mbanza Congo
Мбея,Mbeya
Мбуджи Майи,Mbuji Mayi
Мкаллен,McAllen
Мкартур Ривер Мине,McArthur River Mine
Мккалл,McCall
Мккоок,McCook
Мкграт,McGrath
Меделлíн,Medellín
Медфорд,Medford
Медианеира,Medianeira
Медикине Хат,Medicine Hat
Медина,Medina
Мехамн,Mehamn
Меижу,Meizhou (Meixian)
Мекеле,Mekele
Мекорюк,Mekoryuk
Мелбурне,Melbourne
Мелилла,Melilla
Меллита,Mellita
Мемминген,Memmingen
Мемфис,Memphis
Менди,Mendi
Мендоза,Mendoza
Менгнаи,Mengnai
Менонгуе,Menongue
Мерауке,Merauke
Меркед,Merced
Меридиан,Meridian
Меримбула,Merimbula
Мерло,Merlo
Мертарвик,Mertarvik
Меру-кинна,Meru-Kinna
Меса,Mesa
Местиа,Mestia
Метлакатла,Metlakatla
Мексикали,Mexicali
Мехико,Mexico City
Мфуве,Mfuwe
Миами,Miami
Мианянг,Mianyang (Fucheng)
Мидланд,Midland
Мигуел Хидалго,Miguel Hidalgo
Михаил Когăлникеану,Mihail Kogălniceanu
Милдура,Mildura
Мили Исланд,Mili Island
Миликапити,Milikapiti
Милингимби Исланд,Milingimbi Island
Милос Исланд,Milos Island
Милваукее,Milwaukee
Минамидаито,Minamidaito
Минчумина,Minchumina
Минералнййе Водй,Mineralnyye Vody
Минерс Бай,Miners Bay
Миннеаполис,Minneapolis
Минот,Minot
Минск,Minsk
Минстрел Исланд/лагоон Кове,Minstrel Island/Lagoon Cove
Минто,Minto
Микуелон,Miquelon
Мири,Miri
Мирнй,Mirny
Мирпур Хас,Mirpur Khas
Мисава,Misawa
Мисима Исланд,Misima Island
Мисрата,Misrata
Миссула,Missoula
Митиаро Исланд,Mitiaro Island
Митú,Mitú
Миякеджима,Miyakejima
Миякоджима,Miyakojima
Миязаки,Miyazaki
Мизан Тефери,Mizan Teferi
Мкеик,Mkeik
Мо И Рана,Mo i Rana
Моаб,Moab
Моала,Moala
Мобиле,Mobile
Моенго,Moengo
Могадишу,Mogadishu
Могилев,Mogilev
Мохе,Mohe
Молине,Moline
Момбаса,Mombasa
Монастир,Monastir
Монбетсу,Monbetsu
Монктон,Moncton
Монг Хсат,Mong Hsat
Монрое,Monroe
Монровиа,Monrovia
Монт-джоли,Mont-Joli
Монтаук,Montauk
Монтего Бай,Montego Bay
Монтерей,Monterey
Монтеррей,Monterrey
Монтерíа,Montería
Монтес Кларос,Montes Claros
Монтгомерй,Montgomery
Монтичиари,Montichiari (BS)
Монтпеллиер/мéдитерранéе,Montpellier/Méditerranée
Монтросе,Montrose
Монтрéал,Montréal
Моонёоноока,Moonyoonooka
Моореа-маиао,Moorea-Maiao
Моосонее,Moosonee
Мопа,Mopa
Мора,Mora
Морадабад,Moradabad
Моранбах,Moranbah
Морее,Moree
Морелиа,Morelia
Моргантовн,Morgantown
Мори,Mori
Моро,Moro
Морондава,Morondava
Морони,Moroni
Моровали,Morowali
Моруя,Moruya
Москва,Moscow
Моселле,Moselle
Мосер Бай,Moser Bay
Мосинее,Mosinee
Мосджøен,Mosjøen
Мосс Товн,Moss Town
Моссорó,Mossoró
Мостар,Mostar
Моту Муте,Motu Mute
Мотйгино,Motygino
Мунт Еба,Mount Eba
Мунт Гамбиер,Mount Gambier
Мунт Хаген,Mount Hagen
Мунт Хотам,Mount Hotham
Мунт Иса,Mount Isa
Мунт Плеасант,Mount Pleasant
Мунтаин Виллаге,Mountain Village
Моçâмедес,Moçâmedes
Моšнов,Mošnov
Мпача,Mpacha
Мпака,Mpaka
Мпумаланга,Mpumalanga
Мтата,Mthatha
Мтвара,Mtwara
Муан,Muan (Piseo-ri)
Муара Бунго,Muara Bungo
Муара Тевех,Muara Teweh
Муданджианг,Mudanjiang
Муках,Mukah
Муко Муко,Muko Muko
Мулегé,Mulegé
Мултан,Multan
Мулу,Mulu
Мумбаи,Mumbai
Мунда,Munda
Мунич,Munich
Мурманск,Murmansk
Муррай Исланд,Murray Island
Мускат,Muscat
Мускле Шоалс,Muscle Shoals
Мусикот,Musikot
Мускегон,Muskegon
Мускрат Дам,Muskrat Dam
Мусома,Musoma
Муş,Muş
Мванза,Mwanza
Мйиткйина,Myitkyina
Мйкинес,Mykines
Мйконос,Mykonos
Мйртле Беач,Myrtle Beach
Мйсоре,Mysore
Мйтилене,Mytilene
Мáлага,Málaga
Мåлселв,Målselv
Мéрида,Mérida
Мöрöн,Mörön
Ндджамена,N'Djamena
Нгаундéрé,N'Gaoundéré
На Тон,Na Thon (Ko Samui Island)
Набире,Nabire
Нади,Nadi
Надйм,Nadym
Нага,Naga
Нагасаки,Nagasaki
Нагоя,Nagoya
Нагпур,Nagpur
Наха,Naha
Наин,Nain
Наироби,Nairobi
Наиу Атолл,Naiu Atoll
Наджаф,Najaf
Наджран,Najran
Накашибетсу,Nakashibetsu
Нахчиван,Nakhchivan
Нахон Фаном,Nakhon Phanom
Нахон Си Таммарат,Nakhon Si Thammarat
Накина,Nakina
Налчик,Nalchik
Наманган,Namangan
Намнивел,Namniwel
Нампула,Nampula
Намсос,Namsos
Нанаимо,Nanaimo
Нанчанг,Nanchang
Нанчонг,Nanchong (Gaoping)
Нанчонг,Nanchong (Langzhong)
Нандед,Nanded
Нанга Пинох-борнео Исланд,Nanga Pinoh-Borneo Island
Нанджинг,Nanjing
Нанкоку,Nankoku
Наннинг,Nanning (Jiangnan)
Нанорталик,Nanortalik
Нантес,Nantes
Нантонг,Nantong (Tongzhou)
Нантуккет,Nantucket
Нанвалек,Nanwalek
Нанянг,Nanyang (Wancheng)
Нанюки,Nanyuki
Напакиак,Napakiak
Напаскиак,Napaskiak
Напиер,Napier
Наполи,Napoli
Напука Исланд,Napuka Island
Нарита,Narita
Наррабри,Narrabri
Наррандера,Narrandera
Нарсак,Narsaq
Нарсармиджит,Narsarmijit
Нарсарсуак,Narsarsuaq
Нарян Мар,Naryan Mar
Нарйн,Naryn
Нашвилле,Nashville
Насик,Nasik
Нассау,Nassau
Натахтари,Natakhtari
Натал,Natal
Наташкуан,Natashquan
Натори,Natori
Натуашиш,Natuashish
Наусори,Nausori
Навегантес,Navegantes
Нави Мумбаи,Navi Mumbai
Навои,Navoi
Навабашах,Nawabashah
Наксос,Naxos
Назка,Nazca
Ндола,Ndola
Неа Анчиалос,Nea Anchialos
Некочеа,Necochea
Неерлерит Инаат,Neerlerit Inaat
Нефтеюганск,Nefteyugansk
Негаге,Negage
Неива,Neiva
Нелсон,Nelson
Нелсон Лагоон,Nelson Lagoon
Немискау,Nemiscau
Непалгундж,Nepalgunj
Нерюнгри,Neryungri
Неукуен,Neuquen
Невşехир,Nevşehir
Нев Бараг Ригхт Баннер,New Barag Right Banner
Нев Бедфорд,New Bedford
Нев Берн,New Bern
Нев Делхи,New Delhi
Нев Хавен,New Haven
Нев Орлеанс,New Orleans
Нев Плймут,New Plymouth
Нев Стуяхок,New Stuyahok
Нью-Йорк,New York
Неварк,Newark
Невбургх,Newburgh
Невкастле Упон Тйне Тйне Анд Веар,"Newcastle upon Tyne, Tyne and Wear"
Невман,Newman
Невпорт,Newport
Невпорт Невс,Newport News
Невкуай,Newquay
Невток,Newtok
Нгау,Ngau
Нгава,Ngawa (Songpan)
Нгива,Ngiva
Нхулунбуй,Nhulunbuy
Ниагара Фаллс,Niagara Falls
Ниагара-он-те-лаке,Niagara-on-the-Lake
Ниамей,Niamey
Ниакорнаарсук,Niaqornaarsuk
Ниакорнат,Niaqornat
Нике Алпес-маритимес,"Nice, Alpes-Maritimes"
Никоя,Nicoya
Нигхтмуте,Nightmute
Ниигата,Niigata
Нииджима Виллаге,Niijima Village
Николаи,Nikolai
Николайев,Nikolayev
Николайевск-на-амуре Аирпорт,Nikolayevsk-na-Amure Airport
Николски,Nikolski
Нингбо,Ningbo
Нингланг,Ninglang
Ниуатопутапу,Niuatoputapu
Нижнеангарск,Nizhneangarsk
Нижнекамск,Nizhnekamsk
Нижневартовск,Nizhnevartovsk
Нижнй Новгород,Nizhny Novgorod
Ниš,Niš
Ноатак,Noatak
Ноглики,Nogliki
Номе,Nome
Ноону Атолл,Noonu Atoll
Ноорвик,Noorvik
Норддеич,Norddeich
Нордерней,Norderney
Норфолк,Norfolk
Норилск,Norilsk
Норман Веллс,Norman Wells
Нормантон,Normanton
Норркöпинг,Norrköping
Норсуп,Norsup
Норт Бай,North Bay
Норт Бенд,North Bend
Норт Каикос,North Caicos
Норт Коннел,North Connel
Норт Елеутера,North Eleuthera
Норт Хавен,North Haven
Норт Платте,North Platte
Норт Роналдсай,North Ronaldsay
Норт Спирит Лаке,North Spirit Lake
Нортвай,Northway
Норвай Хусе,Norway House
Норвич Норфолк,"Norwich, Norfolk"
Носса Сенхора До Кармо,Nossa Senhora do Carmo
Носй Бе,Nosy Be
Ноттингхам,Nottingham
Нуадхибу,Nouadhibou
Нуакчотт,Nouakchott
Нумéа,Nouméa
Нумéа,Nouméa (La Tontouta)
Новокузнетск,Novokuznetsk
Новосибирск,Novosibirsk
Новй Уренгой,Novy Urengoy
Нове Крамско,Nowe Kramsko
Новшахр,Nowshahr
Новй Двóр Мазовиекки,Nowy Dwór Mazowiecki
Ноябрск,Noyabrsk
Нуева Герона,Nueva Gerona
Нуево Ларедо,Nuevo Laredo
Нуиксут,Nuiqsut
Нуку Хива,Nuku Hiva
Нукуалофа,Nuku'alofa
Нукус,Nukus
Нулато,Nulato
Нунам Икуа,Nunam Iqua
Нунапитчук,Nunapitchuk
Нукуí,Nuquí
Нуремберг,Nuremberg
Нуугаатсиак,Nuugaatsiaq
Нуук,Nuuk
Няган,Nyagan
Няла,Nyala
Няунг У,Nyaung U
Нйингчи,Nyingchi (Mainling)
Нйкöпинг,Nyköping
Нйланд,Nyland
Нîмес/гаронс,Nîmes/Garons
Оакланд,Oakland
Оаксака,Oaxaca
Обихиро,Obihiro
Обо,Obo
Оденсе,Odense
Одесса,Odessa
Оестердеичстрич,Oesterdeichstrich
Офу,Ofu
Огден,Ogden
Огденсбург,Ogdensburg
Огле,Ogle
Огоки Пост,Ogoki Post
Охрид,Ohrid
Оита,Oita
Окат,Okat
Окаяма,Okayama
Окбаб,Okbab
Охотск,Okhotsk
Окиношима,Okinoshima
Оклахома Китй,Oklahoma City
Оклип,Oklip
Окпахик,Okpahik
Окпе,Okpe
Оксибил,Oksibil
Окушири Исланд,Okushiri Island
Окяп,Okyap
Олбиа,Olbia (SS)
Олд Кров,Old Crow
Олд Харбор,Old Harbor
Олга Бай,Olga Bay
Олмос,Olmos
Олонгапо,Olongapo
Олпои,Olpoi
Олймпиа,Olympia
Олймпик Дам,Olympic Dam
Олёкминск,Olyokminsk
Омаха,Omaha
Омитама,Omitama
Омиšалдж,Omišalj
Омолон,Omolon
Омск,Omsk
Омсукчан,Omsukchan
Омтепе Исланд,Omtepe Island
Ондангва,Ondangwa
Онтарио,Ontario
Оостенде,Oostende
Орадеа,Oradea
Оранге Валк,Orange Walk
Оранджемунд,Oranjemund
Оранджестад,Oranjestad
Орчид Исланд,Orchid Island
Ордос,Ordos
Орду,Ordu
Оренбург,Orenburg
Орио Ал Серио,Orio al Serio (BG)
Ориксиминá,Oriximiná
Оркней Исландс,Orkney Islands
Орландо,Orlando
Орск,Orsk
Орвакал,Orvakal
Осака,Osaka
Осбурн,Osbourn
Ош,Osh
Осло,Oslo (Gardermoen)
Осорно,Osorno
Оспика,Ospika
Отаки,Otaki
Отепа,Otepa
Отопени,Otopeni
Оттава,Ottawa
Уагадугу,Ouagadougou
Уани,Ouani
Уаргла,Ouargla
Уарзазате,Ouarzazate
Удомсай,Oudomsay
Угес Кôте-дор,"Ouges, Côte-d'Or"
Улу / Улунсало,Oulu / Oulunsalo
Увéа,Ouvéa
Узинкие,Ouzinkie
Овенсборо,Owensboro
Оверри,Owerri
Оксфорд Хусе,Oxford House
Ойем,Oyem
Озамиз,Ozamiz
Паама Исланд,Paama Island
Паамиут,Paamiut
Паданг,Padang
Паданг,Padang (Katapiang)
Падуках,Paducah
Пагадиан,Pagadian
Паге,Page
Паго Паго,Pago Pago
Паджала,Pajala
Паксе,Pakse
Паланан,Palanan
Паланга,Palanga
Палангкарая,Palangkaraya
Палембанг,Palembang
Палермо,Palermo
Палибело Бима,"Palibelo, Bima"
Палм Спрингс,Palm Springs
Палма Де Маллорка,Palma de Mallorca
Палмас,Palmas
Палмер,Palmer
Палмерола,Palmerola
Палмерстон Норт,Palmerston North
Палопо,Palopo
Палу,Palu
Памплона,Pamplona
Панама Китй Беач,Panama City Beach
Панамá Китй,Panamá City
Пангкал Пинанг,Pangkal Pinang
Пангкаланбун,Pangkalanbun
Пангкор Исланд,Pangkor Island
Панглао,Panglao
Пангниртунг,Pangnirtung
Пантеллериа,Pantelleria (TP)
Пантнагар,Pantnagar
Панжихуа,Panzhihua (Renhe)
Папа Вестрай,Papa Westray
Папеете,Papeete
Пафос,Paphos
Парабурдоо,Paraburdoo
Паракату,Paracatu
Парагоминас,Paragominas
Парагуанá,Paraguaná
Парамарибо,Paramaribo
Парана,Parana
Паратй,Paraty
Парауапебас,Parauapebas
Пардубике,Pardubice
Парис,"Paris (Orly, Val-de-Marne)"
Парис,"Paris (Roissy-en-France, Val-d'Oise)"
Паркерсбург,Parkersburg (Williamstown)
Паркес,Parkes
Парма,Parma (PR)
Парнаíба,Parnaíba
Паро,Paro
Парос,Paros
Парсабад,Parsabad
Пасай,Pasay
Паско,Pasco
Пассо Фундо,Passo Fundo
Патанкот,Pathankot
Патеин,Pathein
Патна,Patna
Пато Бранко,Pato Branco
Патрас,Patras
Пау/пйрéнéес,Pau/Pyrénées (Uzein)
Паулатук,Paulatuk
Пауло Афонсо,Paulo Afonso
Павлодар,Pavlodar
Пеаке Ривер,Peace River
Пеаванукк,Peawanuck
Печора,Pechora
Педасí,Pedasí
Педро Бай,Pedro Bay
Пегунунган Бинтанг,Pegunungan Bintang
Пегунунган Бинтанг Регенкй,Pegunungan Bintang Regency
Пеканбару,Pekanbaru
Пелее Исланд,Pelee Island
Пеликан,Pelican
Пеллстон,Pellston
Пелотас,Pelotas
Пемба,Pemba
Пенанг,Penang
Пендик Истанбул,"Pendik, Istanbul"
Пендлетон,Pendleton
Пенсакола,Pensacola
Пентекост Исланд,Pentecost Island
Пентиктон,Penticton
Пенза,Penza
Пензанке Корнвалл,"Penzance, Cornwall"
Пеориа,Peoria
Переира,Pereira
Перито Морено,Perito Moreno
Перм,Perm
Перпигнан/ривесалтес,Perpignan/Rivesaltes
Перрйвилле,Perryville
Перт,Perth
Перугиа,Perugia (PG)
Пескара,Pescara
Песчики,Peschici
Пешавар,Peshawar
Петерсбург,Petersburg
Петролина,Petrolina
Петропавл,Petropavl
Петропавловск-камчатскй,Petropavlovsk-Kamchatsky
Петрозаводск,Petrozavodsk
Фалаборва,Phalaborwa
Филаделфиа,Philadelphia
Фитсанулок,Phitsanulok
Фном Пенх,Phnom Penh (Pou Senchey)
Фоеникс,Phoenix
Фу Куок Исланд,Phu Quoc Island
Фукет,Phuket
Пиккле Лаке,Pickle Lake
Пико Исланд,Pico Island
Пиедрас Неграс,Piedras Negras
Пиерре,Pierre
Пиетермаритзбург,Pietermaritzburg
Пикангикум,Pikangikum
Пикиенкондре Оф Миранда,Pikienkondre of Miranda
Пилот Поинт,Pilot Point
Пилот Статион,Pilot Station
Пинеллас Парк,Pinellas Park
Пингтунг,Pingtung
Писа,Pisa (PI)
Питт Исланд,Pitt Island
Питт Меадовс,Pitt Meadows
Питтсбургх,Pittsburgh
Питуффик,Pituffik
Пиура,Piura
Пиксвэ,Pixvae
Плакенкиа,Placencia
Плаине Магниен,Plaine Magnien
Пластун,Plastun
Платинум,Platinum
Платтсбургх,Plattsburgh
Плеику,Pleiku
Плеуртуит Илле-ет-вилаине,"Pleurtuit, Ille-et-Vilaine"
Пловдив,Plovdiv
Покателло,Pocatello
Подгорика,Podgorica
Поханг,Pohang
Похнпеи Исланд,Pohnpei Island
Поинт Бакер,Point Baker
Поинт Хопе,Point Hope
Поинт Лай,Point Lay
Поинт Робертс,Point Roberts
Поинте Ноире,Pointe Noire
Поинте-à-питре,Pointe-à-Pitre
Поинтс Норт Ландинг,Points North Landing
Поитиерс/биард,Poitiers/Biard
Похара,Pokhara
Полокване,Polokwane
Понке,Ponce
Понд Инлет,Pond Inlet
Понта Делгада,Ponta Delgada
Понта Гросса,Ponta Grossa
Понта Порã,Ponta Porã
Понтес Е Лакерда,Pontes e Lacerda
Понтианак,Pontianak
Попайáн,Popayán
Поплар Хилл,Poplar Hill
Попондетта,Popondetta
Попрад,Poprad
Порбандар,Porbandar
Пори,Pori
Пормпураав,Pormpuraaw
Порт Алберни,Port Alberni
Порт Александер,Port Alexander
Порт Алсворт,Port Alsworth
Порт Баилей,Port Bailey
Порт Блаир,Port Blair
Порт Клинтон,Port Clinton
Порт Гентил,Port Gentil
Порт Грахам,Port Graham
Порт Харкурт,Port Harcourt
Порт Хардй,Port Hardy
Порт Хедланд,Port Hedland
Порт Хеиден,Port Heiden
Порт Хопе Симпсон,Port Hope Simpson
Порт Джоинвилле,Port Joinville (Ile D'Yeu)
Порт Линколн,Port Lincoln
Порт Лионс,Port Lions
Порт Маккуарие,Port Macquarie
Порт Матурин,Port Mathurin
Порт Мкнеилл,Port McNeill
Порт Моресбй,Port Moresby
Порт Протектион,Port Protection
Порт Судан,Port Sudan
Порт Вила,Port Vila
Порт Вашингтон,Port Washington
Порт Виллиамс,Port Williams
Порт Оф Спаин,Port of Spain
Порт-мениер,Port-Menier
Порт-ау-принке,Port-au-Prince
Портимãо,Portimão
Портланд,Portland
Порто,Porto
Порто Алегре,Porto Alegre
Порто Сегуро,Porto Seguro
Порто Велхо,Porto Velho
Портсмут,Portsmouth
Посадас,Posadas
Поствилле,Postville
Повелл Ривер,Powell River
Поза Рика,Poza Rica
Познаń,Poznań
Позузо,Pozuzo
Прагуе,Prague
Праиа,Praia
Праиа Да Витóриа,Praia da Vitória
Праслин Исланд,Praslin Island
Преах Сиханук,Preah Sihanouk
Прегуиçа,Preguiça
Прескотт,Prescott
Пресиденкиа Рока,Presidencia Roca
Пресиденте Пруденте,Presidente Prudente
Прескуе Исле,Presque Isle
Прествикк Сут Айршире,"Prestwick, South Ayrshire"
Превеза,Preveza
Принке Алберт,Prince Albert
Принке Георге,Prince George
Принке Руперт,Prince Rupert
Приштина,Prishtina
Просерпине,Proserpine
Провиденкиа,Providencia
Провиденкиалес,Providenciales
Прово,Provo
Псков,Pskov
Пуер,Pu'er
Пуер,Pu'er (Lancang)
Пукаллпа,Pucallpa
Пукон,Pucon
Пудож,Pudozh
Пудучеррй,Puducherry (Pondicherry)
Пуебла,Puebla
Пуебло,Pueblo
Пуерто Асíс,Puerto Asís
Пуерто Бакуеризо Морено,Puerto Baquerizo Moreno
Пуерто Барриос,Puerto Barrios
Пуерто Кабезас,Puerto Cabezas
Пуерто Карреñо,Puerto Carreño
Пуерто Десеадо,Puerto Deseado
Пуерто Ескондидо,Puerto Escondido
Пуерто Игуазу,Puerto Iguazu
Пуерто Инíрида,Puerto Inírida
Пуерто Джименез,Puerto Jimenez
Пуерто Легуíзамо,Puerto Leguízamo
Пуерто Лемпира,Puerto Lempira
Пуерто Лимон,Puerto Limon
Пуерто Мадрйн,Puerto Madryn
Пуерто Малдонадо,Puerto Maldonado
Пуерто Монтт,Puerto Montt
Пуерто Наталес,Puerto Natales
Пуерто Ордаз-киудад Гуаяна,Puerto Ordaz-Ciudad Guayana
Пуерто Пеñаско,Puerto Peñasco
Пуерто Пиñа,Puerto Piña
Пуерто Плата,Puerto Plata
Пуерто Принкеса,Puerto Princesa
Пуерто Рико/манурипи,Puerto Rico/Manuripi
Пуерто Суáрез,Puerto Suárez
Пуерто Валларта,Puerto Vallarta
Пуерто Вилламил,Puerto Villamil
Пукатаваган,Pukatawagan
Пула,Pula
Пулау-пулау Бату,Pulau-Pulau Batu
Пуллман,Pullman
Пуне,Pune
Пунта Аренас,Punta Arenas
Пунта Кана,Punta Cana
Пунта Горда,Punta Gorda
Пунта Дел Есте,Punta del Este
Путао,Putao
Путуссибау-борнео Исланд,Putussibau-Borneo Island
Пувирнитук,Puvirnituq
Пйинмана,Pyinmana
Пёнгянг,Pyongyang
Пäрну,Pärnu
Пéкс,Pécs
Пéр,Pér
Каанаак,Qaanaaq
Каисумах,Qaisumah
Камишлй,Qamishly
Какорток,Qaqortoq
Кара Тепа,Qara Tepa
Касигианнгуит,Qasigiannguit
Кассимиут,Qassimiut
Кекертак,Qeqertaq
Кекертарсуак,Qeqertarsuaq
Киан Горлос Монгол Аутономус Кунтй,Qian Gorlos Mongol Autonomous County
Кианджианг,Qianjiang
Кианнан,Qiannan (Libo)
Киемо,Qiemo
Кикиктарджуак,Qikiqtarjuaq
Кингдао,Qingdao (Jiaozhou)
Кингянг,Qingyang (Xifeng)
Кинхуангдао,Qinhuangdao (Changli)
Кионгхаи,Qionghai (Basuo)
Кикихар,Qiqihar
Китаи,Qitai
Куаликум Беач,Qualicum Beach
Куанжу,Quanzhou
Куактак,Quaqtaq
Куебек,Quebec
Куеенстовн,Queenstown
Куелимане,Quelimane
Куепос,Quepos
Куерéтаро,Querétaro
Куеснел,Quesnel
Куетта,Quetta
Куезалтенанго,Quezaltenango
Куибдó,Quibdó
Куиджарро,Quijarro
Куинкй,Quincy
Куинхагак,Quinhagak
Куито,Quito
Куй Нохн,Quy Nohn
Кужу,Quzhou (Kezheng)
Рабат,Rabat
Рабил,Rabil
Рач Гиа,Rach Gia
Радамата,Radamata
Радом,Radom
Рафха,Rafha
Рафсанджан,Rafsanjan
Рахим Яр Хан,Rahim Yar Khan
Раипур,Raipur
Раитахити,Raitahiti
Раджкот,Rajkot
Раджшахи,Rajshahi
Ралеигх/дурхам,Raleigh/Durham
Рамата,Ramata
Рампарт,Rampart
Рамсар,Ramsar
Ранаи-натуна Бесар Исланд,Ranai-Natuna Besar Island
Ранчи,Ranchi
Ранкин Инлет,Rankin Inlet
Ранонг,Ranong
Ранóн,Ranón
Рапид Китй,Rapid City
Рароиа,Raroia
Рас Ал Хаимах,Ras Al Khaimah
Рашт,Rasht
Равсон,Rawson
Раёнг,Rayong
Рекеа,Recea
Рекифе,Recife
Ред Девил,Red Devil
Ред Лаке,Red Lake
Ред Суккер Лаке,Red Sucker Lake
Реддинг,Redding
Редмонд,Redmond
Реггио Калабриа,Reggio Calabria
Регина,Regina
Реннелл Исланд,Rennell Island
Рено,Reno
Реола,Reola
Репулсе Бай,Repulse Bay
Ресистенкиа,Resistencia
Ресолуте Бай,Resolute Bay
Реталхулеу,Retalhuleu
Реус,Reus
Рева,Rewa
Рейкджавíк,Reykjavík
Рейноса,Reynosa
Рхеинмüнстер,Rheinmünster
Рхинеландер,Rhinelander
Рходес,Rhodes
Рибеирãо Прето,Ribeirão Preto
Рибералта,Riberalta
Ричардс Бай,Richards Bay
Ричландс,Richlands
Ричмонд,Richmond
Рига,Riga
Риголет,Rigolet
Риматара Исланд,Rimatara Island
Римини,Rimini (RN)
Римуски,Rimouski
Ринас,Rinas
Рингстед,Ringsted
Рингсу,Ringsu
Рио Бранко,Rio Branco
Рио Де Джанеиро,Rio De Janeiro
Рио Галлегос,Rio Gallegos
Рио Гранде,Rio Grande
Рио Турбио,Rio Turbio
Рио Де Джанеиро,Rio de Janeiro
Риохача,Riohacha
Ришири,Rishiri
Ривертон,Riverton
Ривне,Rivne
Риядх,Riyadh
Риян,Riyan
Ризе,Rize
Рижао,Rizhao (Donggang)
Роаноке,Roanoke
Робервал,Roberval
Роче Харбор,Roche Harbor
Рочестер,Rochester
Рокк Спрингс,Rock Springs
Рокхамптон,Rockhampton
Роккланд,Rockland
Родез/маркиллак,Rodez/Marcillac
Рогоджампи Банюванги,"Rogojampi, Banyuwangi"
Рои Ет,Roi Et
Рома,Roma
Рим,Rome
Рончи Деи Легионари,Ronchi dei Legionari (GO)
Рондонóполис,Rondonópolis
Ронгелап Исланд,Rongelap Island
Роннебй,Ronneby
Рооикоп,Rooikop
Росарио,Rosario
Роскилде,Roskilde
Ростов-он-дон,Rostov-on-Don
Росвелл,Roswell
Рота Исланд,Rota Island
Роторуа,Rotorua
Роттердам,Rotterdam
Ротума,Rotuma
Рунд Лаке,Round Lake
Руйн-норанда,Rouyn-Noranda
Рованиеми,Rovaniemi
Роксана,Roxana
Роксас Китй,Roxas City
Руад Жонгки,Ruad Zhongqi (Urad Middle Banner)
Рубй,Ruby
Рунду,Rundu
Руокианг Товн,Ruoqiang Town
Рурренабакуе,Rurrenabaque
Руссиан Миссион,Russian Mission
Рутланд,Rutland
Рйбинск,Rybinsk
Рåда,Råda
Рíо Хато,Río Hato
Рøнне,Rønne
Рøрос,Røros
Рøрвик,Rørvik
Рøст,Røst
Саарбрüккен,Saarbrücken
Саарлок,Saarloq
Сааттут,Saattut
Сабетта,Sabetta
Сабха,Sabha
Сабзевар,Sabzevar
Сачеон,Sacheon
Сачиго Лаке,Sachigo Lake
Сачс Харбур,Sachs Harbour
Сакраменто,Sacramento
Садо,Sado
Сага,Saga
Саибаи Исланд,Saibai Island
Саидпур,Saidpur
Саиха,Saiha
Саинт Анне,Saint Anne
Саинт Клуд,Saint Cloud
Саинт Георгес,Saint George's
Саинт Хелиер,Saint Helier
Саинт Джохн,Saint John
Саинт Петер Порт,Saint Peter Port
Саинт-джаккуес-де-ла-ланде Илле-ет-вилаине,"Saint-Jacques-de-la-Lande, Ille-et-Vilaine"
Саинт-лаурент-ду-марони,Saint-Laurent-du-Maroni
Саинт-луис,Saint-Louis
Саинт-назаире/монтоир,Saint-Nazaire/Montoir
Саинт-пиерре,Saint-Pierre
Саинт-éтиенне-де-саинт-геоирс Исèре,"Saint-Étienne-de-Saint-Geoirs, Isère"
Саинте-марие,Sainte-Marie
Салалах,Salalah
Саламанка,Salamanca
Салехард,Salekhard
Салем,Salem
Салерно,Salerno
Салина,Salina
Салинóполис,Salinópolis
Салисбурй,Salisbury
Саллуит,Salluit
Салмон,Salmon
Салт Кай,Salt Cay
Салт Лаке Китй,Salt Lake City
Салт Спринг Исланд,Salt Spring Island
Салта,Salta
Салвадор,Salvador
Салзбург,Salzburg
Самана,Samana
Самара,Samara
Самаринда,Samarinda
Самарканд,Samarkand
Самбава,Sambava
Самос Исланд,Samos Island
Сампит,Sampit
Самсун,Samsun
Сан Андрéс,San Andrés
Сан Ангело,San Angelo
Сан Антонио,San Antonio
Сан Антонио Оесте,San Antonio Oeste
Сан Антонио Де Палé,San Antonio de Palé
Сан Бартоломé,San Bartolomé
Сан Бенито,San Benito
Сан Бернардино,San Bernardino
Сан Карлос,San Carlos
Сан Карлос Де Барилоче,San Carlos de Bariloche
Сан Диего,San Diego
Сан Франкиско,San Francisco
Сан Джосе,San Jose
Сан Джосé,San José (Alajuela)
Сан Джосé Дел Гуавиаре,San José Del Guaviare
Сан Джосé Дел Кабо,San José del Cabo
Сан Джуан,San Juan
Сан Луис,San Luis
Сан Луис Обиспо,San Luis Obispo
Сан Луис Потосí,San Luis Potosí
Сан Мигуел Де Тукумáн,San Miguel de Tucumán
Сан Педро,San Pedro
Сан Педро Сула,San Pedro Sula
Сан Куинтíн,San Quintín
Сан Рафэл,San Rafael
Сан Салвадор,San Salvador
Сан Салвадор,San Salvador (San Luis Talpa)
Сан Салвадор Де Джуджуй,San Salvador de Jujuy
Сан Викенте,San Vicente
Сан Викенте Дел Кагуáн,San Vicente Del Caguán
Санаа,Sanaa
Санд Поинт,Sand Point
Сандакан,Sandakan
Сандане,Sandane
Сандай,Sanday
Сандспит,Sandspit
Сандй Лаке,Sandy Lake
Санго,Sango
Саникилуак,Sanikiluaq
Санираджак,Sanirajak
Санминг,Sanming (Sha)
Санта Ана,Santa Ana
Санта Ана Исланд,Santa Ana Island
Санта Барбара,Santa Barbara
Санта Клара,Santa Clara
Санта Круз,Santa Cruz
Санта Круз Да Гракиоса,Santa Cruz da Graciosa
Санта Круз Дас Флорес,Santa Cruz das Flores
Санта Круз/гракиоса Бай/луова,Santa Cruz/Graciosa Bay/Luova
Санта Фе,Santa Fe
Санта Исабел До Рио Негро,Santa Isabel Do Rio Negro
Санта Мариа,Santa Maria
Санта Марта,Santa Marta
Санта Роса,Santa Rosa
Санта Тересита,Santa Teresita
Сантандер,Santander
Сантарéм,Santarém
Сантиаго,Santiago
Сантиаго Де Компостела,Santiago de Compostela
Сантиаго Де Толú,Santiago de Tolú
Сантиаго Дел Естеро,Santiago del Estero
Санто Доминго,Santo Domingo
Санто Âнгело,Santo Ângelo
Санторини Исланд,Santorini Island
Саня,Sanya (Tianya)
Сапе,Sape
Саппоро,Sapporo
Саккак,Saqqaq
Сараджево,Sarajevo
Саранак Лаке,Saranac Lake
Саранск,Saransk
Сарасота/брадентон,Sarasota/Bradenton
Саратов,Saratov
Саравена,Saravena
Сари,Sari
Сартанеджа,Sartaneja
Сасереме,Sasereme
Саскатоон,Saskatoon
Саскйлах,Saskylakh
Сатар Такик Манггараи,"Satar Tacik, Manggarai"
Сату Маре,Satu Mare
Сатурна Исланд,Saturna Island
Саулт Сте Марие,Sault Ste Marie
Саумлаки-ямдена Исланд,Saumlaki-Yamdena Island
Саваннах,Savannah
Сависсивик,Savissivik
Савонлинна,Savonlinna
Савоонга,Savoonga
Савой,Savoy
Савусаву,Savusavu
Саïсс,Saïss
Скаммон Бай,Scammon Bay
Скарборугх,Scarborough
Счеффервилле,Schefferville
Счкеудитз,Schkeuditz
Скоттсблуфф,Scottsbluff
Сеал Бай,Seal Bay
Сеаттле,Seattle
Сечелт,Sechelt
Сеграте,Segrate (MI)
Сеиюн,Seiyun
Секонди-такоради,Sekondi-Takoradi
Селавик,Selawik
Селдовиа,Seldovia
Селетар,Seletar
Семаранг,Semarang
Семера,Semera
Семей,Semey
Семнан,Semnan
Сентани,Sentani
Сеул,Seoul
Сепанг,Sepang
Септ-îлес,Sept-Îles
Сериа,Seria
Сермилигаак,Sermiligaaq
Серонера,Seronera
Серра,Serra
Серра Талхада,Serra Talhada
Серуян,Seruyan
Северо-йенисейск,Severo-Yeniseysk
Севилла,Sevilla
Сейхан,Seyhan
Сфакс,Sfax
Шаче,Shache
Шакаве,Shakawe
Шахтёрск,Shakhtyorsk
Шактоолик,Shaktoolik
Шаматтава,Shamattawa
Шанг-и,Shang-I
Шангхаи,Shanghai (Minhang)
Шангхаи,Shanghai (Pudong)
Шанграо,Shangrao (Hengfeng)
Шаннан,Shannan
Шаннан,Shannan (Gonggar)
Шаннон,Shannon
Шаогуан,Shaoguan
Шаоянг,Shaoyang (Wugang)
Шарджах,Sharjah
Шарм Ел Шеих,Sharm El Sheikh
Шарма,Sharma
Шарурах,Sharurah
Шеннонгджиа,Shennongjia (Hongping)
Шенжен,Shenzhen (Bao'an)
Шеридан,Sheridan
Шихези,Shihezi
Шиджиажуанг,Shijiazhuang
Шилаво,Shilavo
Шиллонг,Shillong
Шинянга,Shinyanga
Шикуанхе,Shiquanhe
Ширахама,Shirahama
Шираз,Shiraz
Шире Инда Селассие,Shire Inda Selassie
Шишмареф,Shishmaref
Шиян,Shiyan (Maojian)
Шонаи,Shonai
Шов Лов,Show Low
Шравасти,Shravasti
Шревепорт,Shreveport
Шуангта Чаоянг,"Shuangta, Chaoyang"
Шуишанг,Shuishang
Шунгнак,Shungnak
Шймкент,Shymkent
Сиалкот,Sialkot
Сибиу,Sibiu
Сиболга,Sibolga (Pinangsori)
Сиборонг-боронг,Siborong-Borong
Сибу,Sibu
Сиддхартанагар,Siddharthanagar (Bhairahawa)
Сидней,Sidney
Сием Реап,Siem Reap
Силао,Silao
Силчар,Silchar
Силгади Доти,Silgadi Doti
Силигури,Siliguri
Силвер Китй,Silver City
Силвер Креек,Silver Creek
Симара,Simara
Симферопол,Simferopol
Симикот,Simikot
Сингапур,Singapore
Сингкил,Singkil
Синоп,Sinop
Синт Маартен,Sint Maarten
Синтанг,Sintang
Сиорапалук,Siorapaluk
Сиукс Китй,Sioux City
Сиукс Фаллс,Sioux Falls
Сиукс Лоокут,Sioux Lookout
Сипура Исланд,Sipura Island
Сишен,Sishen
Сисимиут,Sisimiut
Ситка,Sitka
Ситтве,Sittwe
Сивас,Sivas
Сива Оасис,Siwa Oasis
Скагвай,Skagway
Скарду,Skardu
Скеллефтеå,Skellefteå
Скиатос,Skiathos
Скирос Исланд,Skiros Island
Скúвой,Skúvoy
Слате Фаллс,Slate Falls
Слеетмуте,Sleetmute
Слиаč,Sliač
Смитерс,Smithers
Соалала,Soalala
Собрал,Sobral
Сочи,Sochi
Софиа,Sofia
Согндал,Sogndal
Сохар,Sohar
Сокото,Sokoto
Сола,Sola
Соловетскй Исландс,Solovetsky Islands
Солвеси,Solwesi
Сорокаба,Sorocaba
Соронг,Sorong
Сороти,Soroti
Соррисо,Sorriso
Суда,Souda
Сут Бенд,South Bend
Сут Бимини,South Bimini
Сут Бурлингтон,South Burlington
Сут Каикос,South Caicos
Сут Индиан Лаке,South Indian Lake
Сут Накнек,South Naknek
Сут Тетагуче,South Tetagouche
Сутамптон,Southampton
Сутенд-он-сеа Ессекс,"Southend-on-Sea, Essex"
Советский,Sovetskiy
Соё,Soyo
Спаниш Товн,Spanish Town
Спата-артемида,Spata-Artemida
Спокане,Spokane
Спринг Поинт,Spring Point
Спрингфиелд,Springfield
Среднеколймск,Srednekolymsk
Сри Джаяварденепура Котте,Sri Jayawardenepura Kotte
Сринагар,Srinagar
Ст Аугустине,St Augustine
Ст Георге,St George
Ст Луис,St Louis
Ст Марйс,St Mary's
Ст Мичэл,St Michael
Ст Паул Исланд,St Paul Island
Ст-аугустин,St-Augustin
Ст-франçоис,St-François
Ст Антонй,St. Anthony
Ст Галлен,St. Gallen
Ст Джохнс,St. John's
Ст Левис,St. Lewis
Ст Марйс Ислес Оф Скиллй,"St. Mary's, Isles of Scilly"
Ст Петерсбург,St. Petersburg
Ст Тереса Поинт,St. Theresa Point
Ста Круз Де Ла Палма Ла Палма Исланд,"Sta Cruz de la Palma, La Palma Island"
Стаген,Stagen
Станлей,Stanley
Стате Коллеге,State College
Ставангер,Stavanger
Ставропол,Stavropol
Стеббинс,Stebbins
Стелла Марис,Stella Maris
Стевенс Виллаге,Stevens Village
Стиллватер,Stillwater
Стирлинг Исланд,Stirling Island
Стокхолм,Stockholm
Стокхолм / Вäстерåс,Stockholm / Västerås
Стокктон,Stockton
Стонй Рапидс,Stony Rapids
Стонй Ривер,Stony River
Сторновай Вестерн Ислес,"Stornoway, Western Isles"
Страсбург,Strasbourg
Стреатам,Streatham
Стронсай,Stronsay
Стуарт Исланд,Stuart Island
Стуттгарт,Stuttgart
Стóра Дíмун,Stóra Dímun
Суаванао,Suavanao
Субанг,Subang
Сукеава,Suceava
Судбурй,Sudbury
Суе Ислет,Sue Islet
Сухадж,Suhaj
Сукагава,Sukagawa
Сухуми,Sukhumi
Сулайманиях,Sulaymaniyah
Сулливан Бай,Sullivan Bay
Султанпур,Sultanpur
Сумбава Бесар,Sumbawa Besar
Суммер Беавер,Summer Beaver
Сундсвалл/ Хäрнöсанд,Sundsvall/ Härnösand
Сунгаи Пенух,Sungai Penuh
Сунтамон,Suntamon
Сунтар,Suntar
Суняни,Sunyani
Сунжа,Sunzha
Сурабая,Surabaya
Суракарта,Surakarta
Сурат,Surat
Сурат Тани,Surat Thani
Сургут,Surgut
Суригао Китй,Surigao City
Сурин,Surin
Сурхет,Surkhet
Сусман,Susman
Свег,Sveg
Свендборг,Svendborg
Сволвæр,Svolvær
Свíной,Svínoy
Сидней,Sydney
Сйдней,Sydney (Mascot)
Сйктйвкар,Syktyvkar
Сйлхет,Sylhet
Сйлт,Sylt
Сйракусе,Syracuse
Сйрос Исланд,Syros Island
Сзйманй,Szymany
Сáрмеллéк,Sármellék
Сãо Филипе,São Filipe
Сãо Габриел Да Качоеира,São Gabriel da Cachoeira
Сãо Джосé Дос Кампос,São José Dos Campos
Сãо Джосé До Рио Прето,São José do Rio Preto
Сãо Луíс,São Luís
Сан-Паулу,São Paulo
Сãо Педро,São Pedro
Сãо Томé,São Tomé
Сãо Томé И Прíнкипе,São Tomé & Príncipe
Сéтиф,Sétif
Сéварé,Sévaré
Сøндерборг,Sønderborg
Сøркджосен,Sørkjosen
Сŏндŏнг-ни,Sŏndŏng-ni
Таизз,Ta'izz
Таба,Taba
Табарка,Tabarka
Табатинга,Tabatinga
Таблас Исланд,Tablas Island
Табора,Tabora
Табриз,Tabriz
Табубил,Tabubil
Табук,Tabuk
Табукан Утара Сангихе Исландс,"Tabukan Utara, Sangihe Islands"
Таченг,Tacheng
Тачилеик,Tachileik
Тачина,Tachina
Таклобан Китй,Tacloban City
Такна,Tacna
Такома,Tacoma
Тадуле Лаке,Tadoule Lake
Таганрог,Taganrog
Тахир,Tahir
Таичунг,Taichung (Qingshui)
Таинан,Tainan (Rende)
Таипеи,Taipei (Songshan)
Таитунг Китй,Taitung City
Таиюан,Taiyuan
Таижу,Taizhou (Luqiao)
Такаматсу,Takamatsu
Такенгон,Takengon
Такотна,Takotna
Таксимо,Taksimo
Таланг Гуданг-суматра Исланд,Talang Gudang-Sumatra Island
Талара,Talara
Талас,Talas
Талдйкорган,Taldykorgan
Таллахассее,Tallahassee
Таллинн,Tallinn
Талоёак,Taloyoak
Там Нгхĩа,Tam Nghĩa
Тамале,Tamale
Таманрассет,Tamanrasset
Тамбохорано,Tambohorano
Тамчй,Tamchy
Таме,Tame
Тамга,Tamga
Тампа,Tampa
Тампере / Пирккала,Tampere / Pirkkala
Тампико,Tampico
Тамворт,Tamworth
Тан Тан,Tan Tan
Танах Мерах,Tanah Merah
Танана,Tanana
Танегашима,Tanegashima
Танга,Tanga
Тангарá Да Серра,Tangará da Serra
Тангбу,Tangbu
Тангиер,Tangier
Тангшан,Tangshan (Fengrun)
Танджунг Пандан,Tanjung Pandan
Танджунг Пинанг-бинтан Исланд,Tanjung Pinang-Bintan Island
Танджунг Редеб - Борнео Исланд,Tanjung Redeb - Borneo Island
Танджунг Селор-борнео Исланд,Tanjung Selor-Borneo Island
Танна Исланд,Tanna Island
Танта-табалонг,Tanta-Tabalong
Таос,Taos
Таоюан,Taoyuan
Тапачула,Tapachula
Тапини,Tapini
Тапледжунг,Taplejung
Таракан,Tarakan
Тарама,Tarama
Тарапакá,Tarapacá
Тарапото,Tarapoto
Тарава,Tarawa
Тараз,Taraz
Тарбес/лурдес/пйрéнéес,Tarbes/Lourdes/Pyrénées
Тари,Tari
Тариджа,Tarija
Тарсус,Tarsus
Таруп,Tarup
Ташикуерган,Tashikuergan
Ташкент,Tashkent
Тасиилак,Tasiilaq
Тасиуджак,Tasiujaq
Тасиусак,Tasiusak
Тасиусак,Tasiusaq
Татакото,Tatakoto
Татитлек,Tatitlek
Таупо,Taupo
Тауранга,Tauranga
Таваукс Джура,"Tavaux, Jura"
Тавау,Tawau
Та’иф,Ta’if
Тбилиси,Tbilisi
Те Оне,Te One
Тефé,Tefé
Тегукигалпа,Tegucigalpa
Техран,Tehran
Тел Авив,Tel Aviv
Теллер,Teller
Теллуриде,Telluride
Темуко,Temuco
Тенакее Спрингс,Tenakee Springs
Тенерифе,Tenerife
Теннант Креек,Tennant Creek
Тепик,Tepic
Тересина,Teresina
Термас Де Рíо Хондо,Termas de Río Hondo
Термез,Termez
Терраке,Terrace
Тете,Tete
Тетерборо,Teterboro
Тексаркана,Texarkana
Тандве,Thandwe
Танх Хóа,Thanh Hóa
Таргоминдах,Thargomindah
Те Пас,The Pas
Те Валлей,The Valley
Тессалоники,Thessaloniki
Тетис Исланд,Thetis Island
Тиеф Ривер Фаллс,Thief River Falls
Тимарафуши,Thimarafushi
Тируванантапурам,Thiruvananthapuram
Томпсон,Thompson
Торне Бай,Thorne Bay
Тундер Бай,Thunder Bay
Тиакур,Tiakur
Тианджин,Tianjin
Тианшуи,Tianshui (Maiji)
Тига,Tiga
Тиджуана,Tijuana
Тикси,Tiksi
Тиллé,Tillé
Тимбукту,Timbuktu
Тимика,Timika
Тимимун,Timimoun
Тимиşоара,Timişoara
Тимминс,Timmins
Тин Китй,Tin City
Тиндуф,Tindouf
Тиниан Исланд,Tinian Island
Тинитекилаак,Tiniteqilaaq
Тинсон Пен,Tinson Pen
Тиоман Исланд,Tioman Island
Типпи,Tippi
Тиручираппалли,Tiruchirappalli
Тирупати,Tirupati
Тиссамахарама,Tissamaharama
Тиват,Tivat
Тиватоби,Tiwatobi
Тоамасина,Toamasina
Тоболск,Tobolsk
Токумен,Tocumen
Тофино,Tofino
Тогиак Виллаге,Togiak Village
Тоджо Уна-уна,Tojo Una-Una
Ток,Tok
Токат,Tokat
Токмок,Tokmok
Токонаме,Tokoname
Токсоок Бай,Toksook Bay
Токушима,Tokushima
Токио,Tokyo
Толедо,Toledo
Толи Толи-келебес Исланд,Toli Toli-Celebes Island
Толиара,Toliara
Толка,Tolka
Толука,Toluca
Томанггонг,Tomanggong
Томск,Tomsk
Тон Фуенг,Ton Phueng
Тонгхуа,Tonghua
Тонглиао,Tongliao
Тонгоа Исланд,Tongoa Island
Тонгрен,Tongren (Daxing)
Тоовоомба,Toowoomba
Тораджа,Toraja
Торонто,Toronto
Торп,Torp
Торреóн,Torreón
Торсбй,Torsby
Тоттори,Tottori
Туггурт,Touggourt
Тухо,Touho
Тулусе/благнак,Toulouse/Blagnac
Турс Индре-ет-лоире,"Tours, Indre-et-Loire"
Товнсвилле,Townsville
Тояма,Toyama
Тоёока,Toyooka
Тозеур,Tozeur
Трабзон,Trabzon
Траил,Trail
Транг,Trang
Трапани,Trapani (TP)
Траверсе Китй,Traverse City
Треасуре Кай,Treasure Cay
Тремити Исландс,Tremiti Islands
Треско Ислес Оф Скиллй,"Tresco, Isles of Scilly"
Тревисо,Treviso (TV)
Тринкомалее,Trincomalee
Тринидад,Trinidad
Триполи,Tripoli
Троллхäттан,Trollhättan
Тромсø,Tromsø
Трондхеим,Trondheim
Труккее,Truckee
Труджилло,Trujillo
Трêс Лагоас,Três Lagoas
Тсаратанана,Tsaratanana
Тсай Кех,Tsay Keh
Тшумбе,Tshumbe
Тсушима,Tsushima
Туксон,Tucson
Тукуруí,Tucuruí
Туфи,Tufi
Тугуегарао Китй,Tuguegarao City
Тухерахера,Tuherahera
Тулкáн,Tulcán
Тулита,Tulita
Тулса,Tulsa
Тулуксак,Tuluksak
Тулум,Tulum
Тумако,Tumaco
Тумбанг Самба-борнео Исланд,Tumbang Samba-Borneo Island
Тумбес,Tumbes
Тумлинг Тар,Tumling Tar
Тумксук,Tumxuk
Тунис,Tunis
Тунтутулиак,Tuntutuliak
Тунунак,Tununak
Тупело,Tupelo
Тура,Tura
Тураиф,Turaif
Турбат,Turbat
Туркменбаши,Turkmenbashi
Турку,Turku
Туркıстан,Turkıstan
Турпан,Turpan
Туруханск,Turukhansk
Тукскакуеско,Tuxcacuesco
Туксекан Исланд,Tuxekan Island
Тукстла Гутиéррез,Tuxtla Gutiérrez
Туй Хоа,Tuy Hoa
Твин Фаллс,Twin Falls
Твин Хиллс,Twin Hills
Тйлер,Tyler
Тймбу,Tymbou (Kirklar)
Тюмен,Tyumen
Тéбесси,Tébessi
Тéтуан,Tétouan
Тêте-à-ла-балеине,Tête-à-la-Baleine
Тóршавн,Tórshavn
Тôланаро,Tôlanaro
Тüркменабат,Türkmenabat
Тăуțии-мăгхерăуș,Tăuții-Măgherăuș
Уа Хука,Ua Huka
Уа Пу,Ua Pou
Убаíра,Ubaíra
Убе,Ube
Убераба,Uberaba
Уберлâндиа,Uberlândia
Убон Ратчатани,Ubon Ratchathani
Уклуелет,Ucluelet
Удаипур,Udaipur
Удон Тани,Udon Thani
Удскойе,Udskoye
Уфа,Ufa
Уджэ Атолл,Ujae Atoll
Уджунг Панданг,Ujung Pandang
Ухта,Ukhta
Уккусиссат,Ukkusissat
Улаанбаатар,Ulaanbaatar (Sergelen)
Улаангом,Ulaangom
Улан Уде,Ulan Ude
Уланхот,Ulanhot
Уланкаб,Ulanqab
Улиастаи,Uliastai
Улсан,Ulsan
Улухакток,Ulukhaktok
Уляновск,Ulyanovsk
Умеå,Umeå
Умиуджак,Umiujaq
Умуарама,Umuarama
Умулери,Umuleri
Уна,Una
Уналаклеет,Unalakleet
Уналаска,Unalaska
Унион Исланд,Union Island
Униãо Да Витóриа,União da Vitória
Упернавик,Upernavik
Упернавик Куджаллек,Upernavik Kujalleq
Упингтон,Upington
Уралск,Uralsk
Ураниум Китй,Uranium City
Урай,Uray
Ургенч,Urgench
Урмиа,Urmia
Уруапан,Uruapan
Уругуаиана,Uruguaiana
Уржар,Urzhar
Ушант,Ushant
Ушарал,Usharal
Ушуаиа,Ushuaia
Усинск,Usinsk
Уст-камчатск,Ust'-Kamchatsk (Krutoberegovo)
Уст-каменогорск,Ust-Kamenogorsk (Oskemen)
Уст-кут,Ust-Kut
Уст-куйга,Ust-Kuyga
Уст-мая,Ust-Maya
Уст-нера,Ust-Nera
Утила Исланд,Utila Island
Утирик Исланд,Utirik Island
Утопиа Креек,Utopia Creek
Уткиаġвик,Utqiaġvik
Утуроа,Uturoa
Уумманнак,Uummannaq
Уё,Uyo
Ужхород,Uzhhorod
Вааса,Vaasa
Вадодара,Vadodara
Вадсø,Vadsø
Вагаикулам,Vagaikulam
Вал-дор,Val-d'Or
Валдез,Valdez
Валдивиа,Valdivia
Валдоста,Valdosta
Валенкиа,Valencia
Валенçа,Valença
Валера,Valera
Валладолид,Valladolid
Валледупар,Valledupar
Валлетта,Valletta
Валпараисо,Valparaiso
Ван,Van
Ван Дон,Van Don
Ванавара,Vanavara
Ванкувер,Vancouver
Ванимо,Vanimo
Вануа Балаву,Vanua Balavu
Варанаси,Varanasi
Вардø,Vardø
Варна,Varna
Васко Да Гама,Vasco da Gama
Вавау Исланд,Vava'u Island
Велас,Velas
Велика Горика,Velika Gorica
Великий Устюг,Velikiy Ustyug
Венетие,Venetie
Венезиа,Venezia (VE)
Веракруз,Veracruz
Верхневилюиск,Verkhnevilyuisk
Вернал,Vernal
Веро Беач,Vero Beach
Викториа,Victoria
Викториа Фаллс,Victoria Falls
Виедма / Кармен Де Патагонес,Viedma / Carmen de Patagones
Виенна,Vienna
Виентиане,Vientiane
Виекуес,Vieques
Виеукс Форт,Vieux Fort
Виго,Vigo
Вила Балеира,Vila Baleira
Вила Реал,Vila Real
Вила До Маио,Vila do Maio
Вила До Порто,Vila do Porto
Виланкуло,Vilanculo
Вилхелмина,Vilhelmina
Вилхена,Vilhena
Вилла Лас Естреллас,Villa Las Estrellas
Вилла Мариа,Villa Maria
Виллахермоса,Villahermosa
Вилламартин,Villamartin
Виллавикенкио,Villavicencio
Вилниус,Vilnius
Вилюиск,Vilyuisk
Виналхавен,Vinalhaven
Винх,Vinh
Вирак,Virac
Висахапатнам,Visakhapatnam
Висбй,Visby
Висеу,Viseu
Витóриа,Vitória
Витóриа Да Конкуиста,Vitória da Conquista
Вивиерс-ду-лак,Viviers-du-Lac
Вохилава,Vohilava
Волгоград,Volgograd
Вопнафджöрðур,Vopnafjörður
Воркута,Vorkuta
Воронеж,Voronezh
Вунисеа,Vunisea
Вáгар,Vágar
Вäксджö,Växjö
Вæрøй,Værøy
Ваала,Waala
Вабуш,Wabush
Вако,Waco
Вади Ал Давасир,Wadi Al Dawasir
Вадомари,Wadomari
Вагенинген,Wageningen
Ваимеа,Waimea (Kamuela)
Ваингапу-сумба Исланд,Waingapu-Sumba Island
Ваинвригхт,Wainwright
Ваиоти,Waioti
Ваисаи,Waisai
Ваджима,Wajima
Ваджир,Wajir
Ваке Исланд,Wake Island
Вакканаи,Wakkanai
Валаха,Walaha
Валес,Wales
Валла Валла,Walla Walla
Валлис Исланд,Wallis Island
Вамена,Wamena
Ванака,Wanaka
Вангануи,Wanganui
Вангерооге,Wangerooge
Ванги-ванги Исланд,Wangi-wangi Island
Ванжу,Wanzhou
Вапенаманда,Wapenamanda
Варсав,Warsaw
Варвикк,Warwick
Вашингтон,Washington
Васкаганиш,Waskaganish
Ватерлоо,Waterloo
Ватертовн,Watertown
Ватсон Лаке,Watson Lake
Вебекуие,Webequie
Веезе,Weeze
Веифанг,Weifang (Kuiwen)
Веихаи,Weihai
Веипа,Weipa
Веквеèтì,Wekweètì
Веллингтон,Wellington
Веминдджи,Wemindji
Венатчее,Wenatchee
Вено Исланд,Weno Island
Веншан,Wenshan
Венжу,Wenzhou (Longwan)
Вест Енд,West End
Вест Исланд,West Island
Вест Лафайетте,West Lafayette
Вест Палм Беач,West Palm Beach
Вест Пасаман,West Pasaman
Вест Поинт,West Point
Вест Сунд,West Sound
Вест Йелловстоне,West Yellowstone
Вестерлй,Westerly
Вестпорт,Westport
Вестрай,Westray
Вевак,Wewak
Вейерс Каве,Weyers Cave
Вхале Кове,Whale Cove
Вхале Пасс,Whale Pass
Вхангареи,Whangarei
Вхатì,Whatì
Вхистлер,Whistler
Вхите Мунтаин,White Mountain
Вхите Плаинс,White Plains
Вхитекурт,Whitecourt
Вхитехорсе,Whitehorse
Вхитемарк,Whitemark
Вхялла,Whyalla
Виартон,Wiarton
Вичита,Wichita
Вичита Фаллс,Wichita Falls
Викк,Wick
Вилкес-барре/скрантон,Wilkes-Barre/Scranton
Виллемстад,Willemstad
Виллиамс Харбур,Williams Harbour
Виллиамс Лаке,Williams Lake
Виллиамспорт,Williamsport
Виллиамтовн,Williamtown
Виллистон,Williston
Вилмингтон,Wilmington
Виндхоек,Windhoek
Виндорах,Windorah
Виндсор,Windsor
Виннипег,Winnipeg
Виннипег/саинт Андревс,Winnipeg/Saint Andrews
Волф Поинт,Wolf Point
Волластон Лаке,Wollaston Lake
Вонджу,Wonju
Вонсан,Wonsan
Воодй Исланд,Woody Island
Воркестер,Worcester
Вото Исланд,Wotho Island
Вотдже,Wotje
Врангелл,Wrangell
Врокłав,Wrocław
Вухаи,Wuhai
Вухан,Wuhan (Huangpi)
Вуху,Wuhu
Вулонг,Wulong
Вуннумин Лаке,Wunnumin Lake
Вурстер Нордсеекüсте,Wurster Nordseeküste
Вушан,Wushan
Вукси,Wuxi
Вуйишан,Wuyishan
Ксаи-ксаи,Xai-Xai
Ксиамен,Xiamen
Ксиангкси,Xiangxi
Ксиангянг,Xiangyang (Xiangzhou)
Ксианянг,Xianyang (Weicheng)
Ксиенг Хуанг,Xieng Khouang
Ксигазê,Xigazê (Dingri)
Ксигазê,Xigazê (Samzhubzê)
Ксилинхот,Xilinhot
Ксингйи,Xingyi
Ксинянг,Xinyang
Ксинюан,Xinyuan
Ксинжу,Xinzhou
Ксужу,Xuzhou
Якатага,Yakataga
Якима,Yakima
Якушима,Yakushima
Якутат,Yakutat
Якутиа,Yakutia
Якутск,Yakutsk
Ям Исланд,Yam Island
Ямбург,Yamburg
Ямпарэз,Yamparaez
Янан,Yan'an (Baota)
Янбу,Yanbu
Янченг,Yancheng (Tinghu)
Яндина,Yandina
Янгон,Yangon
Янгжу,Yangzhou
Янджи,Yanji
Янтаи,Yantai
Яундé,Yaoundé
Яп Исланд,Yap Island
Япил,Yapil
Ярен Дистрикт,Yaren District
Ясава Исланд,Yasawa Island
Язд,Yazd
Йекатеринбург,Yekaterinburg
Йелизово,Yelizovo
Йелловкнифе,Yellowknife
Йенагоа,Yenagoa
Йенисейск,Yeniseysk
Йениşехир,Yenişehir
Йеосу,Yeosu
Йереван,Yerevan
Йейск,Yeysk
Йибин,Yibin (Cuiping)
Йичанг,Yichang (Xiaoting)
Йичун,Yichun
Йинчуан,Yinchuan
Йингку,Yingkou (Laobian)
Йингжу Фуянг,"Yingzhou, Fuyang"
Ёгякарта,Yogyakarta
Ёла,Yola
Ёнаго,Yonago
Ёнагуни,Yonaguni
Ёнгфулла,Yongphulla
Ёнгжу,Yongzhou
Ёпал,Yopal
Ёрке Исланд,Yorke Island
Ёрон,Yoron
Юеянг,Yueyang (Yueyanglou)
Юлара,Yulara
Юлин,Yulin
Юма,Yuma
Юнченг,Yuncheng (Yanhu)
Юндум,Yundum
Юримагуас,Yurimaguas
Юшу,Yushu (Batang)
Южно-курилск,Yuzhno-Kurilsk
Южно-сахалинск,Yuzhno-Sakhalinsk
Йùлíн,Yùlín
Заамин,Zaamin
Закатекас,Zacatecas
Зачар Бай,Zachar Bay
Захедан,Zahedan
Закйнтос,Zakynthos
Замбоанга,Zamboanga
Зандерй,Zandery
Занзибар,Zanzibar
Запорижиа,Zaporizhia
Зарафшан,Zarafshan
Зарагоза,Zaragoza
Завентем,Zaventem
Зайсан,Zaysan
Земуник Донджи,Zemunik Donji (Zadar)
Зената,Zenata
Згорнджи Брник,Zgornji Brnik
Жалантун,Zhalantun
Жангджиаджие,Zhangjiajie (Yongding)
Жангджиаку,Zhangjiakou
Жангйе,Zhangye (Ganzhou)
Жанджианг,Zhanjiang
Жаосу,Zhaosu
Жаотонг,Zhaotong (Zhaoyang)
Женгжу,Zhengzhou
Жезказган,Zhezkazgan
Жиганск,Zhigansk
Жонгвеи,Zhongwei (Shapotou)
Жушан,Zhoushan
Жухаи,Zhuhai (Jinwan)
Зиндер,Zinder
Зионс Хилл,Zion's Hill
Зирчов,Zirchow
Зонгулдак,Zonguldak
Зуéрате,Zouérate
Зунйи,Zunyi
Цюрих,Zurich
Зйрянка,Zyryanka
Хồ Чí Минх,hồ chí minh
Äнгелхолм,Ängelholm
Åлесунд,Ålesund
Åрø,Årø
Çанаккале,Çanakkale
Çорлу,Çorlu
Íсафджöрðур,Ísafjörður
Îле Дйеу,Île d'Yeu
Îле Дес Пинс,Île des Pins
Öлгии,Ölgii
Öребро,Örebro
Öрнскöлдсвик,Örnsköldsvik
Öстерсунд,Östersund
Øрланд,Ørland
Øрста,Ørsta
Üрüмки,Ürümqi
Þóршöфн,Þórshöfn
Čилипи,Čilipi
Łóдź,Łódź
Ōзора,Ōzora
Şанлıурфа,Şanlıurfa
Şıрнак,Şırnak
