AF,Афганистан,Afghanistan
AL,Албания,Albania
DZ,Алжир,Algeria
AS,Американское Самоа,American Samoa
AD,Андорра,Andorra
AO,Ангола,Angola
AI,Ангилья,Anguilla
AQ,Антарктида,Antarctica
AG,Антигуа и Барбуда,Antigua and Barbuda
AR,Аргентина,Argentina
AM,Армения,Armenia
AW,Аруба,Aruba
AU,Австралия,Australia
AT,Австрия,Austria
AZ,Азербайджан,Azerbaijan
BS,Багамские Острова,Bahamas
BH,Бахрейн,Bahrain
BD,Бангладеш,Bangladesh
BB,Барбадос,Barbados
BY,Беларусь,Belarus
BE,Бельгия,Belgium
BZ,Белиз,Belize
BJ,Бенин,Benin
BM,Бермуды,Bermuda
BT,Бутан,Bhutan
BO,Боливия,Bolivia
BQ,Бонайре, Синт-Эстатиус и Саба,Bonaire, Sint Eustatius and Saba
BA,Босния и Герцеговина,Bosnia and Herzegovina
BW,Ботсвана,Botswana
BV,Остров Буве,Bouvet Island
BR,Бразилия,Brazil
IO,Британская территория в Индийском океане,British Indian Ocean Territory
BN,Бруней-Даруссалам,Brunei Darussalam
BG,Болгария,Bulgaria
BF,Буркина-Фасо,Burkina Faso
BI,Бурунди,Burundi
CV,Кабо-Верде,Cabo Verde
KH,Камбоджа,Cambodia
CM,Камерун,Cameroon
CA,Канада,Canada
KY,Каймановы острова,Cayman Islands
CF,Центральноафриканская Республика,Central African Republic
TD,Чад,Chad
CL,Чили,Chile
CN,Китай,China
CX,Остров Рождества,Christmas Island
CC,Кокосовые (Килинг) острова,Cocos (Keeling) Islands
CO,Колумбия,Colombia
KM,Коморы,Comoros
CG,Конго,Congo
CD,Конго, Демократическая Республика,Congo, Democratic Republic of the
CK,Острова Кука,Cook Islands
CR,Коста-Рика,Costa Rica
CI,Кот-д’Ивуар,Côte d'Ivoire
HR,Хорватия,Croatia
CU,Куба,Cuba
CW,Кюрасао,Curaçao
CY,Кипр,Cyprus
CZ,Чехия,Czechia
DK,Дания,Denmark
DJ,Джибути,Djibouti
DM,Доминика,Dominica
DO,Доминиканская Республика,Dominican Republic
EC,Эквадор,Ecuador
EG,Египет,Egypt
SV,Сальвадор,El Salvador
GQ,Экваториальная Гвинея,Equatorial Guinea
ER,Эритрея,Eritrea
EE,Эстония,Estonia
SZ,Эсватини,Eswatini
ET,Эфиопия,Ethiopia
FK,Фолклендские острова (Мальвинские),Falkland Islands (Malvinas)
FO,Фарерские острова,Faroe Islands
FJ,Фиджи,Fiji
FI,Финляндия,Finland
FR,Франция,France
GF,Французская Гвиана,French Guiana
PF,Французская Полинезия,French Polynesia
TF,Французские Южные территории,French Southern Territories
GA,Габон,Gabon
GM,Гамбия,Gambia
GE,Грузия,Georgia
DE,Германия,Germany
GH,Гана,Ghana
GI,Гибралтар,Gibraltar
GR,Греция,Greece
GL,Гренландия,Greenland
GD,Гренада,Grenada
GP,Гваделупа,Guadeloupe
GU,Гуам,Guam
GT,Гватемала,Guatemala
GG,Гернси,Guernsey
GN,Гвинея,Guinea
GW,Гвинея-Бисау,Guinea-Bissau
GY,Гайана,Guyana
HT,Гаити,Haiti
HM,Остров Херд и острова Макдональд,Heard Island and McDonald Islands
VA,Ватикан,Holy See (Vatican City State)
HN,Гондурас,Honduras
HK,Гонконг,Hong Kong
HU,Венгрия,Hungary
IS,Исландия,Iceland
IN,Индия,India
ID,Индонезия,Indonesia
IR,Иран,Iran (Islamic Republic of)
IQ,Ирак,Iraq
IE,Ирландия,Ireland
IM,Остров Мэн,Isle of Man
IL,Израиль,Israel
IT,Италия,Italy
JM,Ямайка,Jamaica
JP,Япония,Japan
JE,Джерси,Jersey
JO,Иордания,Jordan
KZ,Казахстан,Kazakhstan
KE,Кения,Kenya
KI,Кирибати,Kiribati
KP,Корейская Народно-Демократическая Республика,Korea, Democratic People's Republic of
KR,Республика Корея,Korea, Republic of
KW,Кувейт,Kuwait
KG,Киргизия,Kyrgyzstan
LA,Лаос,Lao People's Democratic Republic
LV,Латвия,Latvia
LB,Ливан,Lebanon
LS,Лесото,Lesotho
LR,Либерия,Liberia
LY,Ливия,Libya
LI,Лихтенштейн,Liechtenstein
LT,Литва,Lithuania
LU,Люксембург,Luxembourg
MO,Макао,Macao
MG,Мадагаскар,Madagascar
MW,Малави,Malawi
MY,Малайзия,Malaysia
MV,Мальдивы,Maldives
ML,Мали,Mali
MT,Мальта,Malta
MH,Маршалловы Острова,Marshall Islands
MQ,Мартиника,Martinique
MR,Мавритания,Mauritania
MU,Маврикий,Mauritius
YT,Майотта,Mayotte
MX,Мексика,Mexico
FM,Микронезия,Micronesia, Federated States of
MD,Молдавия,Moldova, Republic of
MC,Монако,Monaco
MN,Монголия,Mongolia
ME,Черногория,Montenegro
MS,Монтсеррат,Montserrat
MA,Марокко,Morocco
MZ,Мозамбик,Mozambique
MM,Мьянма,Myanmar
NA,Намибия,Namibia
NR,Науру,Nauru
NP,Непал,Nepal
NL,Нидерланды,Netherlands
NC,Новая Каледония,New Caledonia
NZ,Новая Зеландия,New Zealand
NI,Никарагуа,Nicaragua
NE,Нигер,Niger
NG,Нигерия,Nigeria
NU,Ниуэ,Niue
NF,Остров Норфолк,Norfolk Island
MK,Северная Македония,North Macedonia
MP,Северные Марианские острова,Northern Mariana Islands
NO,Норвегия,Norway
OM,Оман,Oman
PK,Пакистан,Pakistan
PW,Палау,Palau
PS,Палестина,Palestine, State of
PA,Панама,Panama
PG,Папуа — Новая Гвинея,Papua New Guinea
PY,Парагвай,Paraguay
PE,Перу,Peru
PH,Филиппины,Philippines
PN,Острова Питкэрн,Pitcairn
PL,Польша,Poland
PT,Португалия,Portugal
PR,Пуэрто-Рико,Puerto Rico
QA,Катар,Qatar
RE,Реюньон,Réunion
RO,Румыния,Romania
RU,Россия,Russian Federation
RW,Руанда,Rwanda
BL,Сен-Бартелеми,Saint Barthélemy
SH,Остров Святой Елены, Вознесения и Тристан-да-Кунья,Saint Helena, Ascension and Tristan da Cunha
KN,Сент-Китс и Невис,Saint Kitts and Nevis
LC,Сент-Люсия,Saint Lucia
MF,Сен-Мартен (Французская часть),Saint Martin (French part)
PM,Сен-Пьер и Микелон,Saint Pierre and Miquelon
VC,Сент-Винсент и Гренадины,Saint Vincent and the Grenadines
WS,Самоа,Samoa
SM,Сан-Марино,San Marino
ST,Сан-Томе и Принсипи,Sao Tome and Principe
SA,Саудовская Аравия,Saudi Arabia
SN,Сенегал,Senegal
RS,Сербия,Serbia
SC,Сейшельские Острова,Seychelles
SL,Сьерра-Леоне,Sierra Leone
SG,Сингапур,Singapore
SX,Синт-Мартен (Нидерландская часть),Sint Maarten (Dutch part)
SK,Словакия,Slovakia
SI,Словения,Slovenia
SB,Соломоновы Острова,Solomon Islands
SO,Сомали,Somalia
ZA,Южно-Африканская Республика,South Africa
GS,Южная Георгия и Южные Сандвичевы острова,South Georgia and the South Sandwich Islands
SS,Южный Судан,South Sudan
ES,Испания,Spain
LK,Шри-Ланка,Sri Lanka
SD,Судан,Sudan
SR,Суринам,Suriname
SJ,Шпицберген и Ян-Майен,Svalbard and Jan Mayen
SE,Швеция,Sweden
CH,Швейцария,Switzerland
SY,Сирийская Арабская Республика,Syrian Arab Republic
TW,Тайвань,Taiwan, Province of China
TJ,Таджикистан,Tajikistan
TZ,Танзания,Tanzania, United Republic of
TH,Таиланд,Thailand
TL,Восточный Тимор,Timor-Leste
TG,Того,Togo
TK,Токелау,Tokelau
TO,Тонга,Tonga
TT,Тринидад и Тобаго,Trinidad and Tobago
TN,Тунис,Tunisia
TR,Турция,Türkiye
TM,Туркменистан,Turkmenistan
TC,Тёркс и Кайкос,Turks and Caicos Islands
TV,Тувалу,Tuvalu
UG,Уганда,Uganda
UA,Украина,Ukraine
AE,Объединенные Арабские Эмираты,United Arab Emirates
GB,Великобритания,United Kingdom
US,Соединенные Штаты Америки,United States of America
UM,Малые отдалённые острова США,United States Minor Outlying Islands
UY,Уругвай,Uruguay
UZ,Узбекистан,Uzbekistan
VU,Вануату,Vanuatu
VE,Венесуэла,Venezuela, Bolivarian Republic of
VN,Вьетнам,Viet Nam
VG,Виргинские острова (Великобритания),Virgin Islands, British
VI,Виргинские острова (США),Virgin Islands, U.S.
WF,Уоллис и Футуна,Wallis and Futuna
EH,Западная Сахара,Western Sahara
YE,Йемен,Yemen
ZM,Замбия,Zambia
ZW,Зимбабве,Zimbabwe
AX,Аландские острова,Åland Islands
